Workbook

Sheet INPUT DATA
B2: SCHOOL INFORMATION | J2: LEARNERS' DATA
C5: REGION | E5: : | K5: MALE | M5: LRN | N5: BIRTHDATE | P5: FEMALE | R5: LRN | S5: BIRTHDATE
C6: DIVISION | E6: : | K6: 1 | P6: 1
C7: CITY/MUNICIPALITY | E7: : | K7: 2 | P7: 2
C8: DISTRICT | E8: : | K8: 3 | P8: 3
K9: 4 | P9: 4
C10: SCHOOL ID | E10: : | K10: 5 | P10: 5
C11: SCHOOL NAME | E11: : | K11: 6 | P11: 6
K12: 7 | P12: 7
C13: SCHOOL YEAR | E13: : | K13: 8 | P13: 8
C14: SCHOOL HEAD | E14: : | K14: 9 | P14: 9
K15: 10 | P15: 10
K16: 11 | P16: 11
K17: 12 | P17: 12
B18: TEACHER, GRADE LEVEL, SECTION INFORMATION | K18: 13 | P18: 13
K19: 14 | P19: 14
K20: 15 | P20: 15
C21: ADVISER | E21: : | K21: 16 | P21: 16
C22: GRADE LEVEL | E22: : | G22: (Accepts Grades 4 to 10 only) | K22: 17 | P22: 17
C23: SECTION | E23: : | K23: 18 | P23: 18
K24: 19 | P24: 19
C25: IMPORTANT NOTE: This is the official and final version of the file. All tabs are password-protected to prevent accidental formula edits and maintain the accuracy and integrity of the data. If you identify any inconsistencies or issues, particularly with the formulas, please report them for appropriate review and necessary correction. | K25: 20 | P25: 20
K26: 21 | P26: 21
K27: 22 | P27: 22
K28: 23 | P28: 23
K29: 24 | P29: 24
K30: 25 | P30: 25
K31: 26 | P31: 26
K32: 27 | P32: 27
K33: 28 | P33: 28
K34: 29 | P34: 29
K35: 30 | P35: 30
K36: 31 | P36: 31
K37: 32 | P37: 32
... K55: 50 | P55: 50
T57: 2026_v1.0

Sheet TERM 1
A2: FIRST TERM | E2: GRADE LEVEL | F2: =IF('INPUT DATA'!F22="","",'INPUT DATA'!F22) | K2: ADVISER | M2: =IF('INPUT DATA'!F21="","",'INPUT DATA'!F21)
E3: SECTION | F3: =IF('INPUT DATA'!F23="","",'INPUT DATA'!F23)
A4: LEARNERS' NAMES | E4: LRN | G4: Date of Birth | H4: Age | I4: Sex | J4: Learning Areas | T4: Final Grade | U4: Rank
J5: Filipino | K5: English | L5: Mathematics | M5: Science | N5: AP | O5: GMRC/VE | P5: EPP/TLE | Q5: MAPEH
Q6: M A | R6: P E H | S6: Term Grade
A7: MALE
A8: 1 | B8: =IF('INPUT DATA'!L6="","",'INPUT DATA'!L6) | E8: =IF('INPUT DATA'!M6="","",'INPUT DATA'!M6) | G8: =IF('INPUT DATA'!N6="","",'INPUT DATA'!N6) | H8: =IF(G8="","",DATEDIF(G8,TODAY(),"Y")) | I8: =IF(B8="","","M") | S8: =IF(COUNT($Q8:$R8)=0,"",ROUND(AVERAGE(Q8:R8),0)) | T8: =IF(COUNT(J8:P8,S8)=0,"",ROUND(AVERAGE(J8:P8,S8),0)) | U8: =IF(T8="","",_xlfn.RANK.AVG(T8,$T$8:$T$108))
A9: 2 | B9: =IF('INPUT DATA'!L7="","",'INPUT DATA'!L7) | E9: =IF('INPUT DATA'!M7="","",'INPUT DATA'!M7) | G9: =IF('INPUT DATA'!N7="","",'INPUT DATA'!N7) | H9: =IF(G9="","",DATEDIF(G9,TODAY(),"Y")) | I9: =IF(B9="","","M") | S9: =IF(COUNT($Q9:$R9)=0,"",ROUND(AVERAGE(Q9:R9),0)) | T9: =IF(COUNT(J9:P9,S9)=0,"",ROUND(AVERAGE(J9:P9,S9),0)) | U9: =IF(T9="","",_xlfn.RANK.AVG(T9,$T$8:$T$108))
A10: 3 | B10: =IF('INPUT DATA'!L8="","",'INPUT DATA'!L8) | E10: =IF('INPUT DATA'!M8="","",'INPUT DATA'!M8) | G10: =IF('INPUT DATA'!N8="","",'INPUT DATA'!N8) | H10: =IF(G10="","",DATEDIF(G10,TODAY(),"Y")) | I10: =IF(B10="","","M") | S10: =IF(COUNT($Q10:$R10)=0,"",ROUND(AVERAGE(Q10:R10),0)) | T10: =IF(COUNT(J10:P10,S10)=0,"",ROUND(AVERAGE(J10:P10,S10),0)) | U10: =IF(T10="","",_xlfn.RANK.AVG(T10,$T$8:$T$108))
A11: 4 | B11: =IF('INPUT DATA'!L9="","",'INPUT DATA'!L9) | E11: =IF('INPUT DATA'!M9="","",'INPUT DATA'!M9) | G11: =IF('INPUT DATA'!N9="","",'INPUT DATA'!N9) | H11: =IF(G11="","",DATEDIF(G11,TODAY(),"Y")) | I11: =IF(B11="","","M") | S11: =IF(COUNT($Q11:$R11)=0,"",ROUND(AVERAGE(Q11:R11),0)) | T11: =IF(COUNT(J11:P11,S11)=0,"",ROUND(AVERAGE(J11:P11,S11),0)) | U11: =IF(T11="","",_xlfn.RANK.AVG(T11,$T$8:$T$108))
A12: 5 | B12: =IF('INPUT DATA'!L10="","",'INPUT DATA'!L10) | E12: =IF('INPUT DATA'!M10="","",'INPUT DATA'!M10) | G12: =IF('INPUT DATA'!N10="","",'INPUT DATA'!N10) | H12: =IF(G12="","",DATEDIF(G12,TODAY(),"Y")) | I12: =IF(B12="","","M") | S12: =IF(COUNT($Q12:$R12)=0,"",ROUND(AVERAGE(Q12:R12),0)) | T12: =IF(COUNT(J12:P12,S12)=0,"",ROUND(AVERAGE(J12:P12,S12),0)) | U12: =IF(T12="","",_xlfn.RANK.AVG(T12,$T$8:$T$108))
A13: 6 | B13: =IF('INPUT DATA'!L11="","",'INPUT DATA'!L11) | E13: =IF('INPUT DATA'!M11="","",'INPUT DATA'!M11) | G13: =IF('INPUT DATA'!N11="","",'INPUT DATA'!N11) | H13: =IF(G13="","",DATEDIF(G13,TODAY(),"Y")) | I13: =IF(B13="","","M") | S13: =IF(COUNT($Q13:$R13)=0,"",ROUND(AVERAGE(Q13:R13),0)) | T13: =IF(COUNT(J13:P13,S13)=0,"",ROUND(AVERAGE(J13:P13,S13),0)) | U13: =IF(T13="","",_xlfn.RANK.AVG(T13,$T$8:$T$108))
A14: 7 | B14: =IF('INPUT DATA'!L12="","",'INPUT DATA'!L12) | E14: =IF('INPUT DATA'!M12="","",'INPUT DATA'!M12) | G14: =IF('INPUT DATA'!N12="","",'INPUT DATA'!N12) | H14: =IF(G14="","",DATEDIF(G14,TODAY(),"Y")) | I14: =IF(B14="","","M") | S14: =IF(COUNT($Q14:$R14)=0,"",ROUND(AVERAGE(Q14:R14),0)) | T14: =IF(COUNT(J14:P14,S14)=0,"",ROUND(AVERAGE(J14:P14,S14),0)) | U14: =IF(T14="","",_xlfn.RANK.AVG(T14,$T$8:$T$108))
A15: 8 | B15: =IF('INPUT DATA'!L13="","",'INPUT DATA'!L13) | E15: =IF('INPUT DATA'!M13="","",'INPUT DATA'!M13) | G15: =IF('INPUT DATA'!N13="","",'INPUT DATA'!N13) | H15: =IF(G15="","",DATEDIF(G15,TODAY(),"Y")) | I15: =IF(B15="","","M") | S15: =IF(COUNT($Q15:$R15)=0,"",ROUND(AVERAGE(Q15:R15),0)) | T15: =IF(COUNT(J15:P15,S15)=0,"",ROUND(AVERAGE(J15:P15,S15),0)) | U15: =IF(T15="","",_xlfn.RANK.AVG(T15,$T$8:$T$108))
A16: 9 | B16: =IF('INPUT DATA'!L14="","",'INPUT DATA'!L14) | E16: =IF('INPUT DATA'!M14="","",'INPUT DATA'!M14) | G16: =IF('INPUT DATA'!N14="","",'INPUT DATA'!N14) | H16: =IF(G16="","",DATEDIF(G16,TODAY(),"Y")) | I16: =IF(B16="","","M") | S16: =IF(COUNT($Q16:$R16)=0,"",ROUND(AVERAGE(Q16:R16),0)) | T16: =IF(COUNT(J16:P16,S16)=0,"",ROUND(AVERAGE(J16:P16,S16),0)) | U16: =IF(T16="","",_xlfn.RANK.AVG(T16,$T$8:$T$108))
A17: 10 | B17: =IF('INPUT DATA'!L15="","",'INPUT DATA'!L15) | E17: =IF('INPUT DATA'!M15="","",'INPUT DATA'!M15) | G17: =IF('INPUT DATA'!N15="","",'INPUT DATA'!N15) | H17: =IF(G17="","",DATEDIF(G17,TODAY(),"Y")) | I17: =IF(B17="","","M") | S17: =IF(COUNT($Q17:$R17)=0,"",ROUND(AVERAGE(Q17:R17),0)) | T17: =IF(COUNT(J17:P17,S17)=0,"",ROUND(AVERAGE(J17:P17,S17),0)) | U17: =IF(T17="","",_xlfn.RANK.AVG(T17,$T$8:$T$108))
A18: 11 | B18: =IF('INPUT DATA'!L16="","",'INPUT DATA'!L16) | E18: =IF('INPUT DATA'!M16="","",'INPUT DATA'!M16) | G18: =IF('INPUT DATA'!N16="","",'INPUT DATA'!N16) | H18: =IF(G18="","",DATEDIF(G18,TODAY(),"Y")) | I18: =IF(B18="","","M") | S18: =IF(COUNT($Q18:$R18)=0,"",ROUND(AVERAGE(Q18:R18),0)) | T18: =IF(COUNT(J18:P18,S18)=0,"",ROUND(AVERAGE(J18:P18,S18),0)) | U18: =IF(T18="","",_xlfn.RANK.AVG(T18,$T$8:$T$108))
A19: 12 | B19: =IF('INPUT DATA'!L17="","",'INPUT DATA'!L17) | E19: =IF('INPUT DATA'!M17="","",'INPUT DATA'!M17) | G19: =IF('INPUT DATA'!N17="","",'INPUT DATA'!N17) | H19: =IF(G19="","",DATEDIF(G19,TODAY(),"Y")) | I19: =IF(B19="","","M") | S19: =IF(COUNT($Q19:$R19)=0,"",ROUND(AVERAGE(Q19:R19),0)) | T19: =IF(COUNT(J19:P19,S19)=0,"",ROUND(AVERAGE(J19:P19,S19),0)) | U19: =IF(T19="","",_xlfn.RANK.AVG(T19,$T$8:$T$108))
... A57: 50 | B57: =IF('INPUT DATA'!L55="","",'INPUT DATA'!L55) | E57: =IF('INPUT DATA'!M55="","",'INPUT DATA'!M55) | G57: =IF('INPUT DATA'!N55="","",'INPUT DATA'!N55) | H57: =IF(G57="","",DATEDIF(G57,TODAY(),"Y")) | I57: =IF(B57="","","M") | S57: =IF(COUNT($Q57:$R57)=0,"",ROUND(AVERAGE(Q57:R57),0)) | T57: =IF(COUNT(J57:P57,S57)=0,"",ROUND(AVERAGE(J57:P57,S57),0)) | U57: =IF(T57="","",_xlfn.RANK.AVG(T57,$T$8:$T$108))
A58: FEMALE
A59: 1 | B59: =IF('INPUT DATA'!Q6="","",'INPUT DATA'!Q6) | E59: =IF('INPUT DATA'!R6="","",'INPUT DATA'!R6) | G59: =IF('INPUT DATA'!S6="","",'INPUT DATA'!S6) | H59: =IF(G59="","",DATEDIF(G59,TODAY(),"Y")) | I59: =IF(B59="","","F") | S59: =IF(COUNT($Q59:$R59)=0,"",ROUND(AVERAGE(Q59:R59),0)) | T59: =IF(COUNT(J59:P59,S59)=0,"",ROUND(AVERAGE(J59:P59,S59),0)) | U59: =IF(T59="","",_xlfn.RANK.AVG(T59,$T$8:$T$108))
A60: 2 | B60: =IF('INPUT DATA'!Q7="","",'INPUT DATA'!Q7) | E60: =IF('INPUT DATA'!R7="","",'INPUT DATA'!R7) | G60: =IF('INPUT DATA'!S7="","",'INPUT DATA'!S7) | H60: =IF(G60="","",DATEDIF(G60,TODAY(),"Y")) | I60: =IF(B60="","","F") | S60: =IF(COUNT($Q60:$R60)=0,"",ROUND(AVERAGE(Q60:R60),0)) | T60: =IF(COUNT(J60:P60,S60)=0,"",ROUND(AVERAGE(J60:P60,S60),0)) | U60: =IF(T60="","",_xlfn.RANK.AVG(T60,$T$8:$T$108))
A61: 3 | B61: =IF('INPUT DATA'!Q8="","",'INPUT DATA'!Q8) | E61: =IF('INPUT DATA'!R8="","",'INPUT DATA'!R8) | G61: =IF('INPUT DATA'!S8="","",'INPUT DATA'!S8) | H61: =IF(G61="","",DATEDIF(G61,TODAY(),"Y")) | I61: =IF(B61="","","F") | S61: =IF(COUNT($Q61:$R61)=0,"",ROUND(AVERAGE(Q61:R61),0)) | T61: =IF(COUNT(J61:P61,S61)=0,"",ROUND(AVERAGE(J61:P61,S61),0)) | U61: =IF(T61="","",_xlfn.RANK.AVG(T61,$T$8:$T$108))
A62: 4 | B62: =IF('INPUT DATA'!Q9="","",'INPUT DATA'!Q9) | E62: =IF('INPUT DATA'!R9="","",'INPUT DATA'!R9) | G62: =IF('INPUT DATA'!S9="","",'INPUT DATA'!S9) | H62: =IF(G62="","",DATEDIF(G62,TODAY(),"Y")) | I62: =IF(B62="","","F") | S62: =IF(COUNT($Q62:$R62)=0,"",ROUND(AVERAGE(Q62:R62),0)) | T62: =IF(COUNT(J62:P62,S62)=0,"",ROUND(AVERAGE(J62:P62,S62),0)) | U62: =IF(T62="","",_xlfn.RANK.AVG(T62,$T$8:$T$108))
A63: 5 | B63: =IF('INPUT DATA'!Q10="","",'INPUT DATA'!Q10) | E63: =IF('INPUT DATA'!R10="","",'INPUT DATA'!R10) | G63: =IF('INPUT DATA'!S10="","",'INPUT DATA'!S10) | H63: =IF(G63="","",DATEDIF(G63,TODAY(),"Y")) | I63: =IF(B63="","","F") | S63: =IF(COUNT($Q63:$R63)=0,"",ROUND(AVERAGE(Q63:R63),0)) | T63: =IF(COUNT(J63:P63,S63)=0,"",ROUND(AVERAGE(J63:P63,S63),0)) | U63: =IF(T63="","",_xlfn.RANK.AVG(T63,$T$8:$T$108))
A64: 6 | B64: =IF('INPUT DATA'!Q11="","",'INPUT DATA'!Q11) | E64: =IF('INPUT DATA'!R11="","",'INPUT DATA'!R11) | G64: =IF('INPUT DATA'!S11="","",'INPUT DATA'!S11) | H64: =IF(G64="","",DATEDIF(G64,TODAY(),"Y")) | I64: =IF(B64="","","F") | S64: =IF(COUNT($Q64:$R64)=0,"",ROUND(AVERAGE(Q64:R64),0)) | T64: =IF(COUNT(J64:P64,S64)=0,"",ROUND(AVERAGE(J64:P64,S64),0)) | U64: =IF(T64="","",_xlfn.RANK.AVG(T64,$T$8:$T$108))
A65: 7 | B65: =IF('INPUT DATA'!Q12="","",'INPUT DATA'!Q12) | E65: =IF('INPUT DATA'!R12="","",'INPUT DATA'!R12) | G65: =IF('INPUT DATA'!S12="","",'INPUT DATA'!S12) | H65: =IF(G65="","",DATEDIF(G65,TODAY(),"Y")) | I65: =IF(B65="","","F") | S65: =IF(COUNT($Q65:$R65)=0,"",ROUND(AVERAGE(Q65:R65),0)) | T65: =IF(COUNT(J65:P65,S65)=0,"",ROUND(AVERAGE(J65:P65,S65),0)) | U65: =IF(T65="","",_xlfn.RANK.AVG(T65,$T$8:$T$108))
A66: 8 | B66: =IF('INPUT DATA'!Q13="","",'INPUT DATA'!Q13) | E66: =IF('INPUT DATA'!R13="","",'INPUT DATA'!R13) | G66: =IF('INPUT DATA'!S13="","",'INPUT DATA'!S13) | H66: =IF(G66="","",DATEDIF(G66,TODAY(),"Y")) | I66: =IF(B66="","","F") | S66: =IF(COUNT($Q66:$R66)=0,"",ROUND(AVERAGE(Q66:R66),0)) | T66: =IF(COUNT(J66:P66,S66)=0,"",ROUND(AVERAGE(J66:P66,S66),0)) | U66: =IF(T66="","",_xlfn.RANK.AVG(T66,$T$8:$T$108))
A67: 9 | B67: =IF('INPUT DATA'!Q14="","",'INPUT DATA'!Q14) | E67: =IF('INPUT DATA'!R14="","",'INPUT DATA'!R14) | G67: =IF('INPUT DATA'!S14="","",'INPUT DATA'!S14) | H67: =IF(G67="","",DATEDIF(G67,TODAY(),"Y")) | I67: =IF(B67="","","F") | S67: =IF(COUNT($Q67:$R67)=0,"",ROUND(AVERAGE(Q67:R67),0)) | T67: =IF(COUNT(J67:P67,S67)=0,"",ROUND(AVERAGE(J67:P67,S67),0)) | U67: =IF(T67="","",_xlfn.RANK.AVG(T67,$T$8:$T$108))
A68: 10 | B68: =IF('INPUT DATA'!Q15="","",'INPUT DATA'!Q15) | E68: =IF('INPUT DATA'!R15="","",'INPUT DATA'!R15) | G68: =IF('INPUT DATA'!S15="","",'INPUT DATA'!S15) | H68: =IF(G68="","",DATEDIF(G68,TODAY(),"Y")) | I68: =IF(B68="","","F") | S68: =IF(COUNT($Q68:$R68)=0,"",ROUND(AVERAGE(Q68:R68),0)) | T68: =IF(COUNT(J68:P68,S68)=0,"",ROUND(AVERAGE(J68:P68,S68),0)) | U68: =IF(T68="","",_xlfn.RANK.AVG(T68,$T$8:$T$108))
A69: 11 | B69: =IF('INPUT DATA'!Q16="","",'INPUT DATA'!Q16) | E69: =IF('INPUT DATA'!R16="","",'INPUT DATA'!R16) | G69: =IF('INPUT DATA'!S16="","",'INPUT DATA'!S16) | H69: =IF(G69="","",DATEDIF(G69,TODAY(),"Y")) | I69: =IF(B69="","","F") | S69: =IF(COUNT($Q69:$R69)=0,"",ROUND(AVERAGE(Q69:R69),0)) | T69: =IF(COUNT(J69:P69,S69)=0,"",ROUND(AVERAGE(J69:P69,S69),0)) | U69: =IF(T69="","",_xlfn.RANK.AVG(T69,$T$8:$T$108))
A70: 12 | B70: =IF('INPUT DATA'!Q17="","",'INPUT DATA'!Q17) | E70: =IF('INPUT DATA'!R17="","",'INPUT DATA'!R17) | G70: =IF('INPUT DATA'!S17="","",'INPUT DATA'!S17) | H70: =IF(G70="","",DATEDIF(G70,TODAY(),"Y")) | I70: =IF(B70="","","F") | S70: =IF(COUNT($Q70:$R70)=0,"",ROUND(AVERAGE(Q70:R70),0)) | T70: =IF(COUNT(J70:P70,S70)=0,"",ROUND(AVERAGE(J70:P70,S70),0)) | U70: =IF(T70="","",_xlfn.RANK.AVG(T70,$T$8:$T$108))
... A108: 50 | B108: =IF('INPUT DATA'!Q55="","",'INPUT DATA'!Q55) | E108: =IF('INPUT DATA'!R55="","",'INPUT DATA'!R55) | G108: =IF('INPUT DATA'!S55="","",'INPUT DATA'!S55) | H108: =IF(G108="","",DATEDIF(G108,TODAY(),"Y")) | I108: =IF(B108="","","F") | S108: =IF(COUNT($Q108:$R108)=0,"",ROUND(AVERAGE(Q108:R108),0)) | T108: =IF(COUNT(J108:P108,S108)=0,"",ROUND(AVERAGE(J108:P108,S108),0)) | U108: =IF(T108="","",_xlfn.RANK.AVG(T108,$T$8:$T$108))

Sheet TERM 2
A2: SECOND TERM | E2: GRADE LEVEL | F2: =IF('INPUT DATA'!F22="","",'INPUT DATA'!F22) | K2: ADVISER | M2: =IF('INPUT DATA'!F21="","",'INPUT DATA'!F21)
E3: SECTION | F3: =IF('INPUT DATA'!F23="","",'INPUT DATA'!F23)
A4: LEARNERS' NAMES | E4: LRN | G4: Date of Birth | H4: Age | I4: Sex | J4: Learning Areas | T4: Final Grade | U4: Rank
J5: Filipino | K5: English | L5: Mathematics | M5: Science | N5: AP | O5: GMRC/VE | P5: EPP/TLE | Q5: MAPEH
Q6: M A | R6: P E H | S6: Term Grade
A7: MALE
A8: 1 | B8: =IF('INPUT DATA'!L6="","",'INPUT DATA'!L6) | E8: =IF('INPUT DATA'!M6="","",'INPUT DATA'!M6) | G8: =IF('INPUT DATA'!N6="","",'INPUT DATA'!N6) | H8: =IF(G8="","",DATEDIF(G8,TODAY(),"Y")) | I8: =IF(B8="","","M") | S8: =IF(COUNT($Q8:$R8)=0,"",ROUND(AVERAGE(Q8:R8),0)) | T8: =IF(COUNT(J8:P8,S8)=0,"",ROUND(AVERAGE(J8:P8,S8),0)) | U8: =IF(T8="","",_xlfn.RANK.AVG(T8,$T$8:$T$108))
A9: 2 | B9: =IF('INPUT DATA'!L7="","",'INPUT DATA'!L7) | E9: =IF('INPUT DATA'!M7="","",'INPUT DATA'!M7) | G9: =IF('INPUT DATA'!N7="","",'INPUT DATA'!N7) | H9: =IF(G9="","",DATEDIF(G9,TODAY(),"Y")) | I9: =IF(B9="","","M") | S9: =IF(COUNT($Q9:$R9)=0,"",ROUND(AVERAGE(Q9:R9),0)) | T9: =IF(COUNT(J9:P9,S9)=0,"",ROUND(AVERAGE(J9:P9,S9),0)) | U9: =IF(T9="","",_xlfn.RANK.AVG(T9,$T$8:$T$108))
A10: 3 | B10: =IF('INPUT DATA'!L8="","",'INPUT DATA'!L8) | E10: =IF('INPUT DATA'!M8="","",'INPUT DATA'!M8) | G10: =IF('INPUT DATA'!N8="","",'INPUT DATA'!N8) | H10: =IF(G10="","",DATEDIF(G10,TODAY(),"Y")) | I10: =IF(B10="","","M") | S10: =IF(COUNT($Q10:$R10)=0,"",ROUND(AVERAGE(Q10:R10),0)) | T10: =IF(COUNT(J10:P10,S10)=0,"",ROUND(AVERAGE(J10:P10,S10),0)) | U10: =IF(T10="","",_xlfn.RANK.AVG(T10,$T$8:$T$108))
A11: 4 | B11: =IF('INPUT DATA'!L9="","",'INPUT DATA'!L9) | E11: =IF('INPUT DATA'!M9="","",'INPUT DATA'!M9) | G11: =IF('INPUT DATA'!N9="","",'INPUT DATA'!N9) | H11: =IF(G11="","",DATEDIF(G11,TODAY(),"Y")) | I11: =IF(B11="","","M") | S11: =IF(COUNT($Q11:$R11)=0,"",ROUND(AVERAGE(Q11:R11),0)) | T11: =IF(COUNT(J11:P11,S11)=0,"",ROUND(AVERAGE(J11:P11,S11),0)) | U11: =IF(T11="","",_xlfn.RANK.AVG(T11,$T$8:$T$108))
A12: 5 | B12: =IF('INPUT DATA'!L10="","",'INPUT DATA'!L10) | E12: =IF('INPUT DATA'!M10="","",'INPUT DATA'!M10) | G12: =IF('INPUT DATA'!N10="","",'INPUT DATA'!N10) | H12: =IF(G12="","",DATEDIF(G12,TODAY(),"Y")) | I12: =IF(B12="","","M") | S12: =IF(COUNT($Q12:$R12)=0,"",ROUND(AVERAGE(Q12:R12),0)) | T12: =IF(COUNT(J12:P12,S12)=0,"",ROUND(AVERAGE(J12:P12,S12),0)) | U12: =IF(T12="","",_xlfn.RANK.AVG(T12,$T$8:$T$108))
A13: 6 | B13: =IF('INPUT DATA'!L11="","",'INPUT DATA'!L11) | E13: =IF('INPUT DATA'!M11="","",'INPUT DATA'!M11) | G13: =IF('INPUT DATA'!N11="","",'INPUT DATA'!N11) | H13: =IF(G13="","",DATEDIF(G13,TODAY(),"Y")) | I13: =IF(B13="","","M") | S13: =IF(COUNT($Q13:$R13)=0,"",ROUND(AVERAGE(Q13:R13),0)) | T13: =IF(COUNT(J13:P13,S13)=0,"",ROUND(AVERAGE(J13:P13,S13),0)) | U13: =IF(T13="","",_xlfn.RANK.AVG(T13,$T$8:$T$108))
A14: 7 | B14: =IF('INPUT DATA'!L12="","",'INPUT DATA'!L12) | E14: =IF('INPUT DATA'!M12="","",'INPUT DATA'!M12) | G14: =IF('INPUT DATA'!N12="","",'INPUT DATA'!N12) | H14: =IF(G14="","",DATEDIF(G14,TODAY(),"Y")) | I14: =IF(B14="","","M") | S14: =IF(COUNT($Q14:$R14)=0,"",ROUND(AVERAGE(Q14:R14),0)) | T14: =IF(COUNT(J14:P14,S14)=0,"",ROUND(AVERAGE(J14:P14,S14),0)) | U14: =IF(T14="","",_xlfn.RANK.AVG(T14,$T$8:$T$108))
A15: 8 | B15: =IF('INPUT DATA'!L13="","",'INPUT DATA'!L13) | E15: =IF('INPUT DATA'!M13="","",'INPUT DATA'!M13) | G15: =IF('INPUT DATA'!N13="","",'INPUT DATA'!N13) | H15: =IF(G15="","",DATEDIF(G15,TODAY(),"Y")) | I15: =IF(B15="","","M") | S15: =IF(COUNT($Q15:$R15)=0,"",ROUND(AVERAGE(Q15:R15),0)) | T15: =IF(COUNT(J15:P15,S15)=0,"",ROUND(AVERAGE(J15:P15,S15),0)) | U15: =IF(T15="","",_xlfn.RANK.AVG(T15,$T$8:$T$108))
A16: 9 | B16: =IF('INPUT DATA'!L14="","",'INPUT DATA'!L14) | E16: =IF('INPUT DATA'!M14="","",'INPUT DATA'!M14) | G16: =IF('INPUT DATA'!N14="","",'INPUT DATA'!N14) | H16: =IF(G16="","",DATEDIF(G16,TODAY(),"Y")) | I16: =IF(B16="","","M") | S16: =IF(COUNT($Q16:$R16)=0,"",ROUND(AVERAGE(Q16:R16),0)) | T16: =IF(COUNT(J16:P16,S16)=0,"",ROUND(AVERAGE(J16:P16,S16),0)) | U16: =IF(T16="","",_xlfn.RANK.AVG(T16,$T$8:$T$108))
A17: 10 | B17: =IF('INPUT DATA'!L15="","",'INPUT DATA'!L15) | E17: =IF('INPUT DATA'!M15="","",'INPUT DATA'!M15) | G17: =IF('INPUT DATA'!N15="","",'INPUT DATA'!N15) | H17: =IF(G17="","",DATEDIF(G17,TODAY(),"Y")) | I17: =IF(B17="","","M") | S17: =IF(COUNT($Q17:$R17)=0,"",ROUND(AVERAGE(Q17:R17),0)) | T17: =IF(COUNT(J17:P17,S17)=0,"",ROUND(AVERAGE(J17:P17,S17),0)) | U17: =IF(T17="","",_xlfn.RANK.AVG(T17,$T$8:$T$108))
A18: 11 | B18: =IF('INPUT DATA'!L16="","",'INPUT DATA'!L16) | E18: =IF('INPUT DATA'!M16="","",'INPUT DATA'!M16) | G18: =IF('INPUT DATA'!N16="","",'INPUT DATA'!N16) | H18: =IF(G18="","",DATEDIF(G18,TODAY(),"Y")) | I18: =IF(B18="","","M") | S18: =IF(COUNT($Q18:$R18)=0,"",ROUND(AVERAGE(Q18:R18),0)) | T18: =IF(COUNT(J18:P18,S18)=0,"",ROUND(AVERAGE(J18:P18,S18),0)) | U18: =IF(T18="","",_xlfn.RANK.AVG(T18,$T$8:$T$108))
A19: 12 | B19: =IF('INPUT DATA'!L17="","",'INPUT DATA'!L17) | E19: =IF('INPUT DATA'!M17="","",'INPUT DATA'!M17) | G19: =IF('INPUT DATA'!N17="","",'INPUT DATA'!N17) | H19: =IF(G19="","",DATEDIF(G19,TODAY(),"Y")) | I19: =IF(B19="","","M") | S19: =IF(COUNT($Q19:$R19)=0,"",ROUND(AVERAGE(Q19:R19),0)) | T19: =IF(COUNT(J19:P19,S19)=0,"",ROUND(AVERAGE(J19:P19,S19),0)) | U19: =IF(T19="","",_xlfn.RANK.AVG(T19,$T$8:$T$108))
... A57: 50 | B57: =IF('INPUT DATA'!L55="","",'INPUT DATA'!L55) | E57: =IF('INPUT DATA'!M55="","",'INPUT DATA'!M55) | G57: =IF('INPUT DATA'!N55="","",'INPUT DATA'!N55) | H57: =IF(G57="","",DATEDIF(G57,TODAY(),"Y")) | I57: =IF(B57="","","M") | S57: =IF(COUNT($Q57:$R57)=0,"",ROUND(AVERAGE(Q57:R57),0)) | T57: =IF(COUNT(J57:P57,S57)=0,"",ROUND(AVERAGE(J57:P57,S57),0)) | U57: =IF(T57="","",_xlfn.RANK.AVG(T57,$T$8:$T$108))
A58: FEMALE
A59: 1 | B59: =IF('INPUT DATA'!Q6="","",'INPUT DATA'!Q6) | E59: =IF('INPUT DATA'!R6="","",'INPUT DATA'!R6) | G59: =IF('INPUT DATA'!S6="","",'INPUT DATA'!S6) | H59: =IF(G59="","",DATEDIF(G59,TODAY(),"Y")) | I59: =IF(B59="","","F") | S59: =IF(COUNT($Q59:$R59)=0,"",ROUND(AVERAGE(Q59:R59),0)) | T59: =IF(COUNT(J59:P59,S59)=0,"",ROUND(AVERAGE(J59:P59,S59),0)) | U59: =IF(T59="","",_xlfn.RANK.AVG(T59,$T$8:$T$108))
A60: 2 | B60: =IF('INPUT DATA'!Q7="","",'INPUT DATA'!Q7) | E60: =IF('INPUT DATA'!R7="","",'INPUT DATA'!R7) | G60: =IF('INPUT DATA'!S7="","",'INPUT DATA'!S7) | H60: =IF(G60="","",DATEDIF(G60,TODAY(),"Y")) | I60: =IF(B60="","","F") | S60: =IF(COUNT($Q60:$R60)=0,"",ROUND(AVERAGE(Q60:R60),0)) | T60: =IF(COUNT(J60:P60,S60)=0,"",ROUND(AVERAGE(J60:P60,S60),0)) | U60: =IF(T60="","",_xlfn.RANK.AVG(T60,$T$8:$T$108))
A61: 3 | B61: =IF('INPUT DATA'!Q8="","",'INPUT DATA'!Q8) | E61: =IF('INPUT DATA'!R8="","",'INPUT DATA'!R8) | G61: =IF('INPUT DATA'!S8="","",'INPUT DATA'!S8) | H61: =IF(G61="","",DATEDIF(G61,TODAY(),"Y")) | I61: =IF(B61="","","F") | S61: =IF(COUNT($Q61:$R61)=0,"",ROUND(AVERAGE(Q61:R61),0)) | T61: =IF(COUNT(J61:P61,S61)=0,"",ROUND(AVERAGE(J61:P61,S61),0)) | U61: =IF(T61="","",_xlfn.RANK.AVG(T61,$T$8:$T$108))
A62: 4 | B62: =IF('INPUT DATA'!Q9="","",'INPUT DATA'!Q9) | E62: =IF('INPUT DATA'!R9="","",'INPUT DATA'!R9) | G62: =IF('INPUT DATA'!S9="","",'INPUT DATA'!S9) | H62: =IF(G62="","",DATEDIF(G62,TODAY(),"Y")) | I62: =IF(B62="","","F") | S62: =IF(COUNT($Q62:$R62)=0,"",ROUND(AVERAGE(Q62:R62),0)) | T62: =IF(COUNT(J62:P62,S62)=0,"",ROUND(AVERAGE(J62:P62,S62),0)) | U62: =IF(T62="","",_xlfn.RANK.AVG(T62,$T$8:$T$108))
A63: 5 | B63: =IF('INPUT DATA'!Q10="","",'INPUT DATA'!Q10) | E63: =IF('INPUT DATA'!R10="","",'INPUT DATA'!R10) | G63: =IF('INPUT DATA'!S10="","",'INPUT DATA'!S10) | H63: =IF(G63="","",DATEDIF(G63,TODAY(),"Y")) | I63: =IF(B63="","","F") | S63: =IF(COUNT($Q63:$R63)=0,"",ROUND(AVERAGE(Q63:R63),0)) | T63: =IF(COUNT(J63:P63,S63)=0,"",ROUND(AVERAGE(J63:P63,S63),0)) | U63: =IF(T63="","",_xlfn.RANK.AVG(T63,$T$8:$T$108))
A64: 6 | B64: =IF('INPUT DATA'!Q11="","",'INPUT DATA'!Q11) | E64: =IF('INPUT DATA'!R11="","",'INPUT DATA'!R11) | G64: =IF('INPUT DATA'!S11="","",'INPUT DATA'!S11) | H64: =IF(G64="","",DATEDIF(G64,TODAY(),"Y")) | I64: =IF(B64="","","F") | S64: =IF(COUNT($Q64:$R64)=0,"",ROUND(AVERAGE(Q64:R64),0)) | T64: =IF(COUNT(J64:P64,S64)=0,"",ROUND(AVERAGE(J64:P64,S64),0)) | U64: =IF(T64="","",_xlfn.RANK.AVG(T64,$T$8:$T$108))
A65: 7 | B65: =IF('INPUT DATA'!Q12="","",'INPUT DATA'!Q12) | E65: =IF('INPUT DATA'!R12="","",'INPUT DATA'!R12) | G65: =IF('INPUT DATA'!S12="","",'INPUT DATA'!S12) | H65: =IF(G65="","",DATEDIF(G65,TODAY(),"Y")) | I65: =IF(B65="","","F") | S65: =IF(COUNT($Q65:$R65)=0,"",ROUND(AVERAGE(Q65:R65),0)) | T65: =IF(COUNT(J65:P65,S65)=0,"",ROUND(AVERAGE(J65:P65,S65),0)) | U65: =IF(T65="","",_xlfn.RANK.AVG(T65,$T$8:$T$108))
A66: 8 | B66: =IF('INPUT DATA'!Q13="","",'INPUT DATA'!Q13) | E66: =IF('INPUT DATA'!R13="","",'INPUT DATA'!R13) | G66: =IF('INPUT DATA'!S13="","",'INPUT DATA'!S13) | H66: =IF(G66="","",DATEDIF(G66,TODAY(),"Y")) | I66: =IF(B66="","","F") | S66: =IF(COUNT($Q66:$R66)=0,"",ROUND(AVERAGE(Q66:R66),0)) | T66: =IF(COUNT(J66:P66,S66)=0,"",ROUND(AVERAGE(J66:P66,S66),0)) | U66: =IF(T66="","",_xlfn.RANK.AVG(T66,$T$8:$T$108))
A67: 9 | B67: =IF('INPUT DATA'!Q14="","",'INPUT DATA'!Q14) | E67: =IF('INPUT DATA'!R14="","",'INPUT DATA'!R14) | G67: =IF('INPUT DATA'!S14="","",'INPUT DATA'!S14) | H67: =IF(G67="","",DATEDIF(G67,TODAY(),"Y")) | I67: =IF(B67="","","F") | S67: =IF(COUNT($Q67:$R67)=0,"",ROUND(AVERAGE(Q67:R67),0)) | T67: =IF(COUNT(J67:P67,S67)=0,"",ROUND(AVERAGE(J67:P67,S67),0)) | U67: =IF(T67="","",_xlfn.RANK.AVG(T67,$T$8:$T$108))
A68: 10 | B68: =IF('INPUT DATA'!Q15="","",'INPUT DATA'!Q15) | E68: =IF('INPUT DATA'!R15="","",'INPUT DATA'!R15) | G68: =IF('INPUT DATA'!S15="","",'INPUT DATA'!S15) | H68: =IF(G68="","",DATEDIF(G68,TODAY(),"Y")) | I68: =IF(B68="","","F") | S68: =IF(COUNT($Q68:$R68)=0,"",ROUND(AVERAGE(Q68:R68),0)) | T68: =IF(COUNT(J68:P68,S68)=0,"",ROUND(AVERAGE(J68:P68,S68),0)) | U68: =IF(T68="","",_xlfn.RANK.AVG(T68,$T$8:$T$108))
A69: 11 | B69: =IF('INPUT DATA'!Q16="","",'INPUT DATA'!Q16) | E69: =IF('INPUT DATA'!R16="","",'INPUT DATA'!R16) | G69: =IF('INPUT DATA'!S16="","",'INPUT DATA'!S16) | H69: =IF(G69="","",DATEDIF(G69,TODAY(),"Y")) | I69: =IF(B69="","","F") | S69: =IF(COUNT($Q69:$R69)=0,"",ROUND(AVERAGE(Q69:R69),0)) | T69: =IF(COUNT(J69:P69,S69)=0,"",ROUND(AVERAGE(J69:P69,S69),0)) | U69: =IF(T69="","",_xlfn.RANK.AVG(T69,$T$8:$T$108))
A70: 12 | B70: =IF('INPUT DATA'!Q17="","",'INPUT DATA'!Q17) | E70: =IF('INPUT DATA'!R17="","",'INPUT DATA'!R17) | G70: =IF('INPUT DATA'!S17="","",'INPUT DATA'!S17) | H70: =IF(G70="","",DATEDIF(G70,TODAY(),"Y")) | I70: =IF(B70="","","F") | S70: =IF(COUNT($Q70:$R70)=0,"",ROUND(AVERAGE(Q70:R70),0)) | T70: =IF(COUNT(J70:P70,S70)=0,"",ROUND(AVERAGE(J70:P70,S70),0)) | U70: =IF(T70="","",_xlfn.RANK.AVG(T70,$T$8:$T$108))
... A108: 50 | B108: =IF('INPUT DATA'!Q55="","",'INPUT DATA'!Q55) | E108: =IF('INPUT DATA'!R55="","",'INPUT DATA'!R55) | G108: =IF('INPUT DATA'!S55="","",'INPUT DATA'!S55) | H108: =IF(G108="","",DATEDIF(G108,TODAY(),"Y")) | I108: =IF(B108="","","F") | S108: =IF(COUNT($Q108:$R108)=0,"",ROUND(AVERAGE(Q108:R108),0)) | T108: =IF(COUNT(J108:P108,S108)=0,"",ROUND(AVERAGE(J108:P108,S108),0)) | U108: =IF(T108="","",_xlfn.RANK.AVG(T108,$T$8:$T$108))

Sheet TERM 3
A2: THIRD TERM | E2: GRADE LEVEL | F2: =IF('INPUT DATA'!F22="","",'INPUT DATA'!F22) | K2: ADVISER | M2: =IF('INPUT DATA'!F21="","",'INPUT DATA'!F21)
E3: SECTION | F3: =IF('INPUT DATA'!F23="","",'INPUT DATA'!F23)
A4: LEARNERS' NAMES | E4: LRN | G4: Date of Birth | H4: Age | I4: Sex | J4: Learning Areas | T4: Final Grade | U4: Rank
J5: Filipino | K5: English | L5: Mathematics | M5: Science | N5: AP | O5: GMRC/VE | P5: EPP/TLE | Q5: MAPEH
Q6: M A | R6: P E H | S6: Term Grade
A7: MALE
A8: 1 | B8: =IF('INPUT DATA'!L6="","",'INPUT DATA'!L6) | E8: =IF('INPUT DATA'!M6="","",'INPUT DATA'!M6) | G8: =IF('INPUT DATA'!N6="","",'INPUT DATA'!N6) | H8: =IF(G8="","",DATEDIF(G8,TODAY(),"Y")) | I8: =IF(B8="","","M") | S8: =IF(COUNT($Q8:$R8)=0,"",ROUND(AVERAGE(Q8:R8),0)) | T8: =IF(COUNT(J8:P8,S8)=0,"",ROUND(AVERAGE(J8:P8,S8),0)) | U8: =IF(T8="","",_xlfn.RANK.AVG(T8,$T$8:$T$108))
A9: 2 | B9: =IF('INPUT DATA'!L7="","",'INPUT DATA'!L7) | E9: =IF('INPUT DATA'!M7="","",'INPUT DATA'!M7) | G9: =IF('INPUT DATA'!N7="","",'INPUT DATA'!N7) | H9: =IF(G9="","",DATEDIF(G9,TODAY(),"Y")) | I9: =IF(B9="","","M") | S9: =IF(COUNT($Q9:$R9)=0,"",ROUND(AVERAGE(Q9:R9),0)) | T9: =IF(COUNT(J9:P9,S9)=0,"",ROUND(AVERAGE(J9:P9,S9),0)) | U9: =IF(T9="","",_xlfn.RANK.AVG(T9,$T$8:$T$108))
A10: 3 | B10: =IF('INPUT DATA'!L8="","",'INPUT DATA'!L8) | E10: =IF('INPUT DATA'!M8="","",'INPUT DATA'!M8) | G10: =IF('INPUT DATA'!N8="","",'INPUT DATA'!N8) | H10: =IF(G10="","",DATEDIF(G10,TODAY(),"Y")) | I10: =IF(B10="","","M") | S10: =IF(COUNT($Q10:$R10)=0,"",ROUND(AVERAGE(Q10:R10),0)) | T10: =IF(COUNT(J10:P10,S10)=0,"",ROUND(AVERAGE(J10:P10,S10),0)) | U10: =IF(T10="","",_xlfn.RANK.AVG(T10,$T$8:$T$108))
A11: 4 | B11: =IF('INPUT DATA'!L9="","",'INPUT DATA'!L9) | E11: =IF('INPUT DATA'!M9="","",'INPUT DATA'!M9) | G11: =IF('INPUT DATA'!N9="","",'INPUT DATA'!N9) | H11: =IF(G11="","",DATEDIF(G11,TODAY(),"Y")) | I11: =IF(B11="","","M") | S11: =IF(COUNT($Q11:$R11)=0,"",ROUND(AVERAGE(Q11:R11),0)) | T11: =IF(COUNT(J11:P11,S11)=0,"",ROUND(AVERAGE(J11:P11,S11),0)) | U11: =IF(T11="","",_xlfn.RANK.AVG(T11,$T$8:$T$108))
A12: 5 | B12: =IF('INPUT DATA'!L10="","",'INPUT DATA'!L10) | E12: =IF('INPUT DATA'!M10="","",'INPUT DATA'!M10) | G12: =IF('INPUT DATA'!N10="","",'INPUT DATA'!N10) | H12: =IF(G12="","",DATEDIF(G12,TODAY(),"Y")) | I12: =IF(B12="","","M") | S12: =IF(COUNT($Q12:$R12)=0,"",ROUND(AVERAGE(Q12:R12),0)) | T12: =IF(COUNT(J12:P12,S12)=0,"",ROUND(AVERAGE(J12:P12,S12),0)) | U12: =IF(T12="","",_xlfn.RANK.AVG(T12,$T$8:$T$108))
A13: 6 | B13: =IF('INPUT DATA'!L11="","",'INPUT DATA'!L11) | E13: =IF('INPUT DATA'!M11="","",'INPUT DATA'!M11) | G13: =IF('INPUT DATA'!N11="","",'INPUT DATA'!N11) | H13: =IF(G13="","",DATEDIF(G13,TODAY(),"Y")) | I13: =IF(B13="","","M") | S13: =IF(COUNT($Q13:$R13)=0,"",ROUND(AVERAGE(Q13:R13),0)) | T13: =IF(COUNT(J13:P13,S13)=0,"",ROUND(AVERAGE(J13:P13,S13),0)) | U13: =IF(T13="","",_xlfn.RANK.AVG(T13,$T$8:$T$108))
A14: 7 | B14: =IF('INPUT DATA'!L12="","",'INPUT DATA'!L12) | E14: =IF('INPUT DATA'!M12="","",'INPUT DATA'!M12) | G14: =IF('INPUT DATA'!N12="","",'INPUT DATA'!N12) | H14: =IF(G14="","",DATEDIF(G14,TODAY(),"Y")) | I14: =IF(B14="","","M") | S14: =IF(COUNT($Q14:$R14)=0,"",ROUND(AVERAGE(Q14:R14),0)) | T14: =IF(COUNT(J14:P14,S14)=0,"",ROUND(AVERAGE(J14:P14,S14),0)) | U14: =IF(T14="","",_xlfn.RANK.AVG(T14,$T$8:$T$108))
A15: 8 | B15: =IF('INPUT DATA'!L13="","",'INPUT DATA'!L13) | E15: =IF('INPUT DATA'!M13="","",'INPUT DATA'!M13) | G15: =IF('INPUT DATA'!N13="","",'INPUT DATA'!N13) | H15: =IF(G15="","",DATEDIF(G15,TODAY(),"Y")) | I15: =IF(B15="","","M") | S15: =IF(COUNT($Q15:$R15)=0,"",ROUND(AVERAGE(Q15:R15),0)) | T15: =IF(COUNT(J15:P15,S15)=0,"",ROUND(AVERAGE(J15:P15,S15),0)) | U15: =IF(T15="","",_xlfn.RANK.AVG(T15,$T$8:$T$108))
A16: 9 | B16: =IF('INPUT DATA'!L14="","",'INPUT DATA'!L14) | E16: =IF('INPUT DATA'!M14="","",'INPUT DATA'!M14) | G16: =IF('INPUT DATA'!N14="","",'INPUT DATA'!N14) | H16: =IF(G16="","",DATEDIF(G16,TODAY(),"Y")) | I16: =IF(B16="","","M") | S16: =IF(COUNT($Q16:$R16)=0,"",ROUND(AVERAGE(Q16:R16),0)) | T16: =IF(COUNT(J16:P16,S16)=0,"",ROUND(AVERAGE(J16:P16,S16),0)) | U16: =IF(T16="","",_xlfn.RANK.AVG(T16,$T$8:$T$108))
A17: 10 | B17: =IF('INPUT DATA'!L15="","",'INPUT DATA'!L15) | E17: =IF('INPUT DATA'!M15="","",'INPUT DATA'!M15) | G17: =IF('INPUT DATA'!N15="","",'INPUT DATA'!N15) | H17: =IF(G17="","",DATEDIF(G17,TODAY(),"Y")) | I17: =IF(B17="","","M") | S17: =IF(COUNT($Q17:$R17)=0,"",ROUND(AVERAGE(Q17:R17),0)) | T17: =IF(COUNT(J17:P17,S17)=0,"",ROUND(AVERAGE(J17:P17,S17),0)) | U17: =IF(T17="","",_xlfn.RANK.AVG(T17,$T$8:$T$108))
A18: 11 | B18: =IF('INPUT DATA'!L16="","",'INPUT DATA'!L16) | E18: =IF('INPUT DATA'!M16="","",'INPUT DATA'!M16) | G18: =IF('INPUT DATA'!N16="","",'INPUT DATA'!N16) | H18: =IF(G18="","",DATEDIF(G18,TODAY(),"Y")) | I18: =IF(B18="","","M") | S18: =IF(COUNT($Q18:$R18)=0,"",ROUND(AVERAGE(Q18:R18),0)) | T18: =IF(COUNT(J18:P18,S18)=0,"",ROUND(AVERAGE(J18:P18,S18),0)) | U18: =IF(T18="","",_xlfn.RANK.AVG(T18,$T$8:$T$108))
A19: 12 | B19: =IF('INPUT DATA'!L17="","",'INPUT DATA'!L17) | E19: =IF('INPUT DATA'!M17="","",'INPUT DATA'!M17) | G19: =IF('INPUT DATA'!N17="","",'INPUT DATA'!N17) | H19: =IF(G19="","",DATEDIF(G19,TODAY(),"Y")) | I19: =IF(B19="","","M") | S19: =IF(COUNT($Q19:$R19)=0,"",ROUND(AVERAGE(Q19:R19),0)) | T19: =IF(COUNT(J19:P19,S19)=0,"",ROUND(AVERAGE(J19:P19,S19),0)) | U19: =IF(T19="","",_xlfn.RANK.AVG(T19,$T$8:$T$108))
... A57: 50 | B57: =IF('INPUT DATA'!L55="","",'INPUT DATA'!L55) | E57: =IF('INPUT DATA'!M55="","",'INPUT DATA'!M55) | G57: =IF('INPUT DATA'!N55="","",'INPUT DATA'!N55) | H57: =IF(G57="","",DATEDIF(G57,TODAY(),"Y")) | I57: =IF(B57="","","M") | S57: =IF(COUNT($Q57:$R57)=0,"",ROUND(AVERAGE(Q57:R57),0)) | T57: =IF(COUNT(J57:P57,S57)=0,"",ROUND(AVERAGE(J57:P57,S57),0)) | U57: =IF(T57="","",_xlfn.RANK.AVG(T57,$T$8:$T$108))
A58: FEMALE
A59: 1 | B59: =IF('INPUT DATA'!Q6="","",'INPUT DATA'!Q6) | E59: =IF('INPUT DATA'!R6="","",'INPUT DATA'!R6) | G59: =IF('INPUT DATA'!S6="","",'INPUT DATA'!S6) | H59: =IF(G59="","",DATEDIF(G59,TODAY(),"Y")) | I59: =IF(B59="","","F") | S59: =IF(COUNT($Q59:$R59)=0,"",ROUND(AVERAGE(Q59:R59),0)) | T59: =IF(COUNT(J59:P59,S59)=0,"",ROUND(AVERAGE(J59:P59,S59),0)) | U59: =IF(T59="","",_xlfn.RANK.AVG(T59,$T$8:$T$108))
A60: 2 | B60: =IF('INPUT DATA'!Q7="","",'INPUT DATA'!Q7) | E60: =IF('INPUT DATA'!R7="","",'INPUT DATA'!R7) | G60: =IF('INPUT DATA'!S7="","",'INPUT DATA'!S7) | H60: =IF(G60="","",DATEDIF(G60,TODAY(),"Y")) | I60: =IF(B60="","","F") | S60: =IF(COUNT($Q60:$R60)=0,"",ROUND(AVERAGE(Q60:R60),0)) | T60: =IF(COUNT(J60:P60,S60)=0,"",ROUND(AVERAGE(J60:P60,S60),0)) | U60: =IF(T60="","",_xlfn.RANK.AVG(T60,$T$8:$T$108))
A61: 3 | B61: =IF('INPUT DATA'!Q8="","",'INPUT DATA'!Q8) | E61: =IF('INPUT DATA'!R8="","",'INPUT DATA'!R8) | G61: =IF('INPUT DATA'!S8="","",'INPUT DATA'!S8) | H61: =IF(G61="","",DATEDIF(G61,TODAY(),"Y")) | I61: =IF(B61="","","F") | S61: =IF(COUNT($Q61:$R61)=0,"",ROUND(AVERAGE(Q61:R61),0)) | T61: =IF(COUNT(J61:P61,S61)=0,"",ROUND(AVERAGE(J61:P61,S61),0)) | U61: =IF(T61="","",_xlfn.RANK.AVG(T61,$T$8:$T$108))
A62: 4 | B62: =IF('INPUT DATA'!Q9="","",'INPUT DATA'!Q9) | E62: =IF('INPUT DATA'!R9="","",'INPUT DATA'!R9) | G62: =IF('INPUT DATA'!S9="","",'INPUT DATA'!S9) | H62: =IF(G62="","",DATEDIF(G62,TODAY(),"Y")) | I62: =IF(B62="","","F") | S62: =IF(COUNT($Q62:$R62)=0,"",ROUND(AVERAGE(Q62:R62),0)) | T62: =IF(COUNT(J62:P62,S62)=0,"",ROUND(AVERAGE(J62:P62,S62),0)) | U62: =IF(T62="","",_xlfn.RANK.AVG(T62,$T$8:$T$108))
A63: 5 | B63: =IF('INPUT DATA'!Q10="","",'INPUT DATA'!Q10) | E63: =IF('INPUT DATA'!R10="","",'INPUT DATA'!R10) | G63: =IF('INPUT DATA'!S10="","",'INPUT DATA'!S10) | H63: =IF(G63="","",DATEDIF(G63,TODAY(),"Y")) | I63: =IF(B63="","","F") | S63: =IF(COUNT($Q63:$R63)=0,"",ROUND(AVERAGE(Q63:R63),0)) | T63: =IF(COUNT(J63:P63,S63)=0,"",ROUND(AVERAGE(J63:P63,S63),0)) | U63: =IF(T63="","",_xlfn.RANK.AVG(T63,$T$8:$T$108))
A64: 6 | B64: =IF('INPUT DATA'!Q11="","",'INPUT DATA'!Q11) | E64: =IF('INPUT DATA'!R11="","",'INPUT DATA'!R11) | G64: =IF('INPUT DATA'!S11="","",'INPUT DATA'!S11) | H64: =IF(G64="","",DATEDIF(G64,TODAY(),"Y")) | I64: =IF(B64="","","F") | S64: =IF(COUNT($Q64:$R64)=0,"",ROUND(AVERAGE(Q64:R64),0)) | T64: =IF(COUNT(J64:P64,S64)=0,"",ROUND(AVERAGE(J64:P64,S64),0)) | U64: =IF(T64="","",_xlfn.RANK.AVG(T64,$T$8:$T$108))
A65: 7 | B65: =IF('INPUT DATA'!Q12="","",'INPUT DATA'!Q12) | E65: =IF('INPUT DATA'!R12="","",'INPUT DATA'!R12) | G65: =IF('INPUT DATA'!S12="","",'INPUT DATA'!S12) | H65: =IF(G65="","",DATEDIF(G65,TODAY(),"Y")) | I65: =IF(B65="","","F") | S65: =IF(COUNT($Q65:$R65)=0,"",ROUND(AVERAGE(Q65:R65),0)) | T65: =IF(COUNT(J65:P65,S65)=0,"",ROUND(AVERAGE(J65:P65,S65),0)) | U65: =IF(T65="","",_xlfn.RANK.AVG(T65,$T$8:$T$108))
A66: 8 | B66: =IF('INPUT DATA'!Q13="","",'INPUT DATA'!Q13) | E66: =IF('INPUT DATA'!R13="","",'INPUT DATA'!R13) | G66: =IF('INPUT DATA'!S13="","",'INPUT DATA'!S13) | H66: =IF(G66="","",DATEDIF(G66,TODAY(),"Y")) | I66: =IF(B66="","","F") | S66: =IF(COUNT($Q66:$R66)=0,"",ROUND(AVERAGE(Q66:R66),0)) | T66: =IF(COUNT(J66:P66,S66)=0,"",ROUND(AVERAGE(J66:P66,S66),0)) | U66: =IF(T66="","",_xlfn.RANK.AVG(T66,$T$8:$T$108))
A67: 9 | B67: =IF('INPUT DATA'!Q14="","",'INPUT DATA'!Q14) | E67: =IF('INPUT DATA'!R14="","",'INPUT DATA'!R14) | G67: =IF('INPUT DATA'!S14="","",'INPUT DATA'!S14) | H67: =IF(G67="","",DATEDIF(G67,TODAY(),"Y")) | I67: =IF(B67="","","F") | S67: =IF(COUNT($Q67:$R67)=0,"",ROUND(AVERAGE(Q67:R67),0)) | T67: =IF(COUNT(J67:P67,S67)=0,"",ROUND(AVERAGE(J67:P67,S67),0)) | U67: =IF(T67="","",_xlfn.RANK.AVG(T67,$T$8:$T$108))
A68: 10 | B68: =IF('INPUT DATA'!Q15="","",'INPUT DATA'!Q15) | E68: =IF('INPUT DATA'!R15="","",'INPUT DATA'!R15) | G68: =IF('INPUT DATA'!S15="","",'INPUT DATA'!S15) | H68: =IF(G68="","",DATEDIF(G68,TODAY(),"Y")) | I68: =IF(B68="","","F") | S68: =IF(COUNT($Q68:$R68)=0,"",ROUND(AVERAGE(Q68:R68),0)) | T68: =IF(COUNT(J68:P68,S68)=0,"",ROUND(AVERAGE(J68:P68,S68),0)) | U68: =IF(T68="","",_xlfn.RANK.AVG(T68,$T$8:$T$108))
A69: 11 | B69: =IF('INPUT DATA'!Q16="","",'INPUT DATA'!Q16) | E69: =IF('INPUT DATA'!R16="","",'INPUT DATA'!R16) | G69: =IF('INPUT DATA'!S16="","",'INPUT DATA'!S16) | H69: =IF(G69="","",DATEDIF(G69,TODAY(),"Y")) | I69: =IF(B69="","","F") | S69: =IF(COUNT($Q69:$R69)=0,"",ROUND(AVERAGE(Q69:R69),0)) | T69: =IF(COUNT(J69:P69,S69)=0,"",ROUND(AVERAGE(J69:P69,S69),0)) | U69: =IF(T69="","",_xlfn.RANK.AVG(T69,$T$8:$T$108))
A70: 12 | B70: =IF('INPUT DATA'!Q17="","",'INPUT DATA'!Q17) | E70: =IF('INPUT DATA'!R17="","",'INPUT DATA'!R17) | G70: =IF('INPUT DATA'!S17="","",'INPUT DATA'!S17) | H70: =IF(G70="","",DATEDIF(G70,TODAY(),"Y")) | I70: =IF(B70="","","F") | S70: =IF(COUNT($Q70:$R70)=0,"",ROUND(AVERAGE(Q70:R70),0)) | T70: =IF(COUNT(J70:P70,S70)=0,"",ROUND(AVERAGE(J70:P70,S70),0)) | U70: =IF(T70="","",_xlfn.RANK.AVG(T70,$T$8:$T$108))
... A108: 50 | B108: =IF('INPUT DATA'!Q55="","",'INPUT DATA'!Q55) | E108: =IF('INPUT DATA'!R55="","",'INPUT DATA'!R55) | G108: =IF('INPUT DATA'!S55="","",'INPUT DATA'!S55) | H108: =IF(G108="","",DATEDIF(G108,TODAY(),"Y")) | I108: =IF(B108="","","F") | S108: =IF(COUNT($Q108:$R108)=0,"",ROUND(AVERAGE(Q108:R108),0)) | T108: =IF(COUNT(J108:P108,S108)=0,"",ROUND(AVERAGE(J108:P108,S108),0)) | U108: =IF(T108="","",_xlfn.RANK.AVG(T108,$T$8:$T$108))

Sheet ATTENDANCE RECORD SUMMARY
A2: LEARNERS' NAMES | E2: GRADE LEVEL | G2: =IF('INPUT DATA'!F22="","",'INPUT DATA'!F22) | J2: ADVISER | K2: =IF('INPUT DATA'!F21="","",'INPUT DATA'!F21)
E3: SECTION | G3: =IF('INPUT DATA'!F23="","",'INPUT DATA'!F23)
E4: JUN | F4: JUL | G4: AUG | H4: SEP | I4: OCT | J4: NOV | K4: DEC | L4: JAN | M4: FEB | N4: MAR | O4: APRIL
A5: MALE
A6: 1 | B6: =IF('INPUT DATA'!L6="","",'INPUT DATA'!L6)
A7: 2 | B7: =IF('INPUT DATA'!L7="","",'INPUT DATA'!L7)
A8: 3 | B8: =IF('INPUT DATA'!L8="","",'INPUT DATA'!L8)
A9: 4 | B9: =IF('INPUT DATA'!L9="","",'INPUT DATA'!L9)
A10: 5 | B10: =IF('INPUT DATA'!L10="","",'INPUT DATA'!L10)
A11: 6 | B11: =IF('INPUT DATA'!L11="","",'INPUT DATA'!L11)
A12: 7 | B12: =IF('INPUT DATA'!L12="","",'INPUT DATA'!L12)
A13: 8 | B13: =IF('INPUT DATA'!L13="","",'INPUT DATA'!L13)
A14: 9 | B14: =IF('INPUT DATA'!L14="","",'INPUT DATA'!L14)
A15: 10 | B15: =IF('INPUT DATA'!L15="","",'INPUT DATA'!L15)
A16: 11 | B16: =IF('INPUT DATA'!L16="","",'INPUT DATA'!L16)
A17: 12 | B17: =IF('INPUT DATA'!L17="","",'INPUT DATA'!L17)
... A55: 50 | B55: =IF('INPUT DATA'!L55="","",'INPUT DATA'!L55)
A56: FEMALE
A57: 1 | B57: =IF('INPUT DATA'!Q6="","",'INPUT DATA'!Q6)
A58: 2 | B58: =IF('INPUT DATA'!Q7="","",'INPUT DATA'!Q7)
A59: 3 | B59: =IF('INPUT DATA'!Q8="","",'INPUT DATA'!Q8)
A60: 4 | B60: =IF('INPUT DATA'!Q9="","",'INPUT DATA'!Q9)
A61: 5 | B61: =IF('INPUT DATA'!Q10="","",'INPUT DATA'!Q10)
A62: 6 | B62: =IF('INPUT DATA'!Q11="","",'INPUT DATA'!Q11)
A63: 7 | B63: =IF('INPUT DATA'!Q12="","",'INPUT DATA'!Q12)
A64: 8 | B64: =IF('INPUT DATA'!Q13="","",'INPUT DATA'!Q13)
A65: 9 | B65: =IF('INPUT DATA'!Q14="","",'INPUT DATA'!Q14)
A66: 10 | B66: =IF('INPUT DATA'!Q15="","",'INPUT DATA'!Q15)
A67: 11 | B67: =IF('INPUT DATA'!Q16="","",'INPUT DATA'!Q16)
A68: 12 | B68: =IF('INPUT DATA'!Q17="","",'INPUT DATA'!Q17)
... A106: 50 | B106: =IF('INPUT DATA'!Q55="","",'INPUT DATA'!Q55)
A108: TOTAL NUMBER OF SCHOOL DAYS | D108: TOTAL | E108: JUN | F108: JUL | G108: AUG | H108: SEP | I108: OCT | J108: NOV | K108: DEC | L108: JAN | M108: FEB | N108: MAR | O108: APR
D109: =SUM(E109:O109) -> 201 | E109: 20 | F109: 20 | G109: 20 | H109: 20 | I109: 20 | J109: 20 | K109: 20 | L109: 18 | M109: 18 | N109: 20 | O109: 5

Sheet GAKUSEKI
A1: region | B1: division | C1: district | D1: location | E1: school_name | F1: school_year | G1: adviser | H1: grade | I1: section | J1: school_head | K1: name | L1: lrn | M1: age | N1: sex | O1: t1.filipino | P1: t2.filipino | Q1: t3.filipino | R1: final_grade.filipino | S1: remarks.filipino | T1: t1.english | U1: t2.english | V1: t3.english | W1: final_grade.english | X1: remarks.english | Y1: t1.mathematics | Z1: t2.mathematics | AA1: t3.mathematics | AB1: final_grade.mathematics | AC1: remarks.mathematics | AD1: t1.science | AE1: t2.science | AF1: t3.science | AG1: final_grade.science | AH1: remarks.science | AI1: t1.araling_panlipunan | AJ1: t2.araling_panlipunan | AK1: t3.araling_panlipunan | AL1: final_grade.araling_panlipunan | AM1: remarks.araling_panlipunan | AN1: t1.gmrc | AO1: t2.gmrc | AP1: t3.gmrc | AQ1: final_grade.gmrc | AR1: remarks.gmrc | AS1: t1.epp | AT1: t2.epp | AU1: t3.epp | AV1: final_grade.epp | AW1: remarks.epp | AX1: t1.mapeh | AY1: t2.mapeh | AZ1: t3.mapeh | BA1: final_grade.mapeh | BB1: remarks.mapeh | BC1: t1.music_and_arts | BD1: t2.music_and_arts | BE1: t3.music_and_arts | BF1: final_grade.music_and_arts | BG1: remarks.music_and_arts | BH1: t1.pe_and_health | BI1: t2.pe_and_health | BJ1: t3.pe_and_health | BK1: final_grade.pe_and_health | BL1: remarks.pe_and_health | BM1: general_average | BN1: general_remarks
A2: =IF($K2="","",IF('INPUT DATA'!F5="","",'INPUT DATA'!F5)) | B2: =IF($K2="","",IF('INPUT DATA'!F6="","",'INPUT DATA'!F6)) | C2: =IF($K2="","",IF('INPUT DATA'!F8="","",'INPUT DATA'!F8)) | D2: =IF($K2="","",IF('INPUT DATA'!F7="","",'INPUT DATA'!F7)) | E2: =IF($K2="","",IF('INPUT DATA'!F11="","",'INPUT DATA'!F11)) | F2: =IF($K2="","",IF('INPUT DATA'!F13="","",'INPUT DATA'!F13)) | G2: =IF($K2="","",IF('INPUT DATA'!F21="","",'INPUT DATA'!F21)) | H2: =IF($K2="","",IF('INPUT DATA'!F22="","",'INPUT DATA'!F22)) | I2: =IF($K2="","",IF('INPUT DATA'!F23="","",'INPUT DATA'!F23)) | J2: =IF($K2="","",IF('INPUT DATA'!F14="","",'INPUT DATA'!F14)) | K2: =IF('INPUT DATA'!L6="","",'INPUT DATA'!L6) | L2: =IF('INPUT DATA'!M6="","",'INPUT DATA'!M6) | M2: =IF('TERM 1'!H8="","",'TERM 1'!H8) | N2: =IF(K2="","","M") | O2: =IF('TERM 1'!J8="","",'TERM 1'!J8) | P2: =IF('TERM 2'!J8="","",'TERM 2'!J8) | Q2: =IF('TERM 3'!J8="","",'TERM 3'!J8) | R2: =IF(COUNT(O2:Q2)<3,"",ROUND(AVERAGE(O2:Q2),0)) | S2: =IF(R2="","",IF(R2>=75,"Passed","Failed")) | T2: =IF('TERM 1'!K8="","",'TERM 1'!K8) | U2: =IF('TERM 2'!K8="","",'TERM 2'!K8) | V2: =IF('TERM 3'!K8="","",'TERM 3'!K8) | W2: =IF(COUNT(T2:V2)<3,"",ROUND(AVERAGE(T2:V2),0)) | X2: =IF(W2="","",IF(W2>=75,"Passed","Failed")) | Y2: =IF('TERM 1'!L8="","",'TERM 1'!L8) | Z2: =IF('TERM 2'!L8="","",'TERM 2'!L8) | AA2: =IF('TERM 3'!L8="","",'TERM 3'!L8) | AB2: =IF(COUNT(Y2:AA2)<3,"",ROUND(AVERAGE(Y2:AA2),0)) | AC2: =IF(AB2="","",IF(AB2>=75,"Passed","Failed")) | AD2: =IF('TERM 1'!M8="","",'TERM 1'!M8) | AE2: =IF('TERM 2'!M8="","",'TERM 2'!M8) | AF2: =IF('TERM 3'!M8="","",'TERM 3'!M8) | AG2: =IF(COUNT(AD2:AF2)<3,"",ROUND(AVERAGE(AD2:AF2),0)) | AH2: =IF(AG2="","",IF(AG2>=75,"Passed","Failed")) | AI2: =IF('TERM 1'!N8="","",'TERM 1'!N8) | AJ2: =IF('TERM 2'!N8="","",'TERM 2'!N8) | AK2: =IF('TERM 3'!N8="","",'TERM 3'!N8) | AL2: =IF(COUNT(AI2:AK2)<3,"",ROUND(AVERAGE(AI2:AK2),0)) | AM2: =IF(AL2="","",IF(AL2>=75,"Passed","Failed")) | AN2: =IF('TERM 1'!O8="","",'TERM 1'!O8) | AO2: =IF('TERM 2'!O8="","",'TERM 2'!O8) | AP2: =IF('TERM 3'!O8="","",'TERM 3'!O8) | AQ2: =IF(COUNT(AN2:AP2)<3,"",ROUND(AVERAGE(AN2:AP2),0)) | AR2: =IF(AQ2="","",IF(AQ2>=75,"Passed","Failed")) | AS2: =IF('TERM 1'!P8="","",'TERM 1'!P8) | AT2: =IF('TERM 2'!P8="","",'TERM 2'!P8) | AU2: =IF('TERM 3'!P8="","",'TERM 3'!P8) | AV2: =IF(COUNT(AS2:AU2)<3,"",ROUND(AVERAGE(AS2:AU2),0)) | AW2: =IF(AV2="","",IF(AV2>=75,"Passed","Failed")) | AX2: =IF('TERM 1'!S8="","",'TERM 1'!S8) | AY2: =IF('TERM 2'!S8="","",'TERM 2'!S8) | AZ2: =IF('TERM 3'!S8="","",'TERM 3'!S8) | BA2: =IF(COUNT(AX2:AZ2)<3,"",ROUND(AVERAGE(AX2:AZ2),0)) | BB2: =IF(BA2="","",IF(BA2>=75,"Passed","Failed")) | BC2: =IF('TERM 1'!Q8="","",'TERM 1'!Q8) | BD2: =IF('TERM 2'!Q8="","",'TERM 2'!Q8) | BE2: =IF('TERM 3'!Q8="","",'TERM 3'!Q8) | BF2: =IF(COUNT(BC2:BE2)<3,"",ROUND(AVERAGE(BC2:BE2),0)) | BG2: =IF(BF2="","",IF(BF2>=75,"Passed","Failed")) | BH2: =IF('TERM 1'!R8="","",'TERM 1'!R8) | BI2: =IF('TERM 2'!R8="","",'TERM 2'!R8) | BJ2: =IF('TERM 3'!R8="","",'TERM 3'!R8) | BK2: =IF(COUNT(BH2:BJ2)<3,"",ROUND(AVERAGE(BH2:BJ2),0)) | BL2: =IF(BK2="","",IF(BK2>=75,"Passed","Failed")) | BM2: =IF(COUNT(R2,W2,AB2,AG2,AL2,AQ2,AV2,BA2)<8,"",ROUND(AVERAGE(R2,W2,AB2,AG2,AL2,AQ2,AV2,BA2),0)) | BN2: =IF(BM2="","",IF(BM2>=75,"Passed","Failed"))
A3: =IF($K3="","",IF('INPUT DATA'!F5="","",'INPUT DATA'!F5)) | B3: =IF($K3="","",IF('INPUT DATA'!F6="","",'INPUT DATA'!F6)) | C3: =IF($K3="","",IF('INPUT DATA'!F8="","",'INPUT DATA'!F8)) | D3: =IF($K3="","",IF('INPUT DATA'!F7="","",'INPUT DATA'!F7)) | E3: =IF($K3="","",IF('INPUT DATA'!F11="","",'INPUT DATA'!F11)) | F3: =IF($K3="","",IF('INPUT DATA'!F13="","",'INPUT DATA'!F13)) | G3: =IF($K3="","",IF('INPUT DATA'!F21="","",'INPUT DATA'!F21)) | H3: =IF($K3="","",IF('INPUT DATA'!F22="","",'INPUT DATA'!F22)) | I3: =IF($K3="","",IF('INPUT DATA'!F23="","",'INPUT DATA'!F23)) | J3: =IF($K3="","",IF('INPUT DATA'!F14="","",'INPUT DATA'!F14)) | K3: =IF('INPUT DATA'!L7="","",'INPUT DATA'!L7) | L3: =IF('INPUT DATA'!M7="","",'INPUT DATA'!M7) | M3: =IF('TERM 1'!H9="","",'TERM 1'!H9) | N3: =IF(K3="","","M") | O3: =IF('TERM 1'!J9="","",'TERM 1'!J9) | P3: =IF('TERM 2'!J9="","",'TERM 2'!J9) | Q3: =IF('TERM 3'!J9="","",'TERM 3'!J9) | R3: =IF(COUNT(O3:Q3)<3,"",ROUND(AVERAGE(O3:Q3),0)) | S3: =IF(R3="","",IF(R3>=75,"Passed","Failed")) | T3: =IF('TERM 1'!K9="","",'TERM 1'!K9) | U3: =IF('TERM 2'!K9="","",'TERM 2'!K9) | V3: =IF('TERM 3'!K9="","",'TERM 3'!K9) | W3: =IF(COUNT(T3:V3)<3,"",ROUND(AVERAGE(T3:V3),0)) | X3: =IF(W3="","",IF(W3>=75,"Passed","Failed")) | Y3: =IF('TERM 1'!L9="","",'TERM 1'!L9) | Z3: =IF('TERM 2'!L9="","",'TERM 2'!L9) | AA3: =IF('TERM 3'!L9="","",'TERM 3'!L9) | AB3: =IF(COUNT(Y3:AA3)<3,"",ROUND(AVERAGE(Y3:AA3),0)) | AC3: =IF(AB3="","",IF(AB3>=75,"Passed","Failed")) | AD3: =IF('TERM 1'!M9="","",'TERM 1'!M9) | AE3: =IF('TERM 2'!M9="","",'TERM 2'!M9) | AF3: =IF('TERM 3'!M9="","",'TERM 3'!M9) | AG3: =IF(COUNT(AD3:AF3)<3,"",ROUND(AVERAGE(AD3:AF3),0)) | AH3: =IF(AG3="","",IF(AG3>=75,"Passed","Failed")) | AI3: =IF('TERM 1'!N9="","",'TERM 1'!N9) | AJ3: =IF('TERM 2'!N9="","",'TERM 2'!N9) | AK3: =IF('TERM 3'!N9="","",'TERM 3'!N9) | AL3: =IF(COUNT(AI3:AK3)<3,"",ROUND(AVERAGE(AI3:AK3),0)) | AM3: =IF(AL3="","",IF(AL3>=75,"Passed","Failed")) | AN3: =IF('TERM 1'!O9="","",'TERM 1'!O9) | AO3: =IF('TERM 2'!O9="","",'TERM 2'!O9) | AP3: =IF('TERM 3'!O9="","",'TERM 3'!O9) | AQ3: =IF(COUNT(AN3:AP3)<3,"",ROUND(AVERAGE(AN3:AP3),0)) | AR3: =IF(AQ3="","",IF(AQ3>=75,"Passed","Failed")) | AS3: =IF('TERM 1'!P9="","",'TERM 1'!P9) | AT3: =IF('TERM 2'!P9="","",'TERM 2'!P9) | AU3: =IF('TERM 3'!P9="","",'TERM 3'!P9) | AV3: =IF(COUNT(AS3:AU3)<3,"",ROUND(AVERAGE(AS3:AU3),0)) | AW3: =IF(AV3="","",IF(AV3>=75,"Passed","Failed")) | AX3: =IF('TERM 1'!S9="","",'TERM 1'!S9) | AY3: =IF('TERM 2'!S9="","",'TERM 2'!S9) | AZ3: =IF('TERM 3'!S9="","",'TERM 3'!S9) | BA3: =IF(COUNT(AX3:AZ3)<3,"",ROUND(AVERAGE(AX3:AZ3),0)) | BB3: =IF(BA3="","",IF(BA3>=75,"Passed","Failed")) | BC3: =IF('TERM 1'!Q9="","",'TERM 1'!Q9) | BD3: =IF('TERM 2'!Q9="","",'TERM 2'!Q9) | BE3: =IF('TERM 3'!Q9="","",'TERM 3'!Q9) | BF3: =IF(COUNT(BC3:BE3)<3,"",ROUND(AVERAGE(BC3:BE3),0)) | BG3: =IF(BF3="","",IF(BF3>=75,"Passed","Failed")) | BH3: =IF('TERM 1'!R9="","",'TERM 1'!R9) | BI3: =IF('TERM 2'!R9="","",'TERM 2'!R9) | BJ3: =IF('TERM 3'!R9="","",'TERM 3'!R9) | BK3: =IF(COUNT(BH3:BJ3)<3,"",ROUND(AVERAGE(BH3:BJ3),0)) | BL3: =IF(BK3="","",IF(BK3>=75,"Passed","Failed")) | BM3: =IF(COUNT(R3,W3,AB3,AG3,AL3,AQ3,AV3,BA3)<8,"",ROUND(AVERAGE(R3,W3,AB3,AG3,AL3,AQ3,AV3,BA3),0)) | BN3: =IF(BM3="","",IF(BM3>=75,"Passed","Failed"))
A4: =IF($K4="","",IF('INPUT DATA'!F5="","",'INPUT DATA'!F5)) | B4: =IF($K4="","",IF('INPUT DATA'!F6="","",'INPUT DATA'!F6)) | C4: =IF($K4="","",IF('INPUT DATA'!F8="","",'INPUT DATA'!F8)) | D4: =IF($K4="","",IF('INPUT DATA'!F7="","",'INPUT DATA'!F7)) | E4: =IF($K4="","",IF('INPUT DATA'!F11="","",'INPUT DATA'!F11)) | F4: =IF($K4="","",IF('INPUT DATA'!F13="","",'INPUT DATA'!F13)) | G4: =IF($K4="","",IF('INPUT DATA'!F21="","",'INPUT DATA'!F21)) | H4: =IF($K4="","",IF('INPUT DATA'!F22="","",'INPUT DATA'!F22)) | I4: =IF($K4="","",IF('INPUT DATA'!F23="","",'INPUT DATA'!F23)) | J4: =IF($K4="","",IF('INPUT DATA'!F14="","",'INPUT DATA'!F14)) | K4: =IF('INPUT DATA'!L8="","",'INPUT DATA'!L8) | L4: =IF('INPUT DATA'!M8="","",'INPUT DATA'!M8) | M4: =IF('TERM 1'!H10="","",'TERM 1'!H10) | N4: =IF(K4="","","M") | O4: =IF('TERM 1'!J10="","",'TERM 1'!J10) | P4: =IF('TERM 2'!J10="","",'TERM 2'!J10) | Q4: =IF('TERM 3'!J10="","",'TERM 3'!J10) | R4: =IF(COUNT(O4:Q4)<3,"",ROUND(AVERAGE(O4:Q4),0)) | S4: =IF(R4="","",IF(R4>=75,"Passed","Failed")) | T4: =IF('TERM 1'!K10="","",'TERM 1'!K10) | U4: =IF('TERM 2'!K10="","",'TERM 2'!K10) | V4: =IF('TERM 3'!K10="","",'TERM 3'!K10) | W4: =IF(COUNT(T4:V4)<3,"",ROUND(AVERAGE(T4:V4),0)) | X4: =IF(W4="","",IF(W4>=75,"Passed","Failed")) | Y4: =IF('TERM 1'!L10="","",'TERM 1'!L10) | Z4: =IF('TERM 2'!L10="","",'TERM 2'!L10) | AA4: =IF('TERM 3'!L10="","",'TERM 3'!L10) | AB4: =IF(COUNT(Y4:AA4)<3,"",ROUND(AVERAGE(Y4:AA4),0)) | AC4: =IF(AB4="","",IF(AB4>=75,"Passed","Failed")) | AD4: =IF('TERM 1'!M10="","",'TERM 1'!M10) | AE4: =IF('TERM 2'!M10="","",'TERM 2'!M10) | AF4: =IF('TERM 3'!M10="","",'TERM 3'!M10) | AG4: =IF(COUNT(AD4:AF4)<3,"",ROUND(AVERAGE(AD4:AF4),0)) | AH4: =IF(AG4="","",IF(AG4>=75,"Passed","Failed")) | AI4: =IF('TERM 1'!N10="","",'TERM 1'!N10) | AJ4: =IF('TERM 2'!N10="","",'TERM 2'!N10) | AK4: =IF('TERM 3'!N10="","",'TERM 3'!N10) | AL4: =IF(COUNT(AI4:AK4)<3,"",ROUND(AVERAGE(AI4:AK4),0)) | AM4: =IF(AL4="","",IF(AL4>=75,"Passed","Failed")) | AN4: =IF('TERM 1'!O10="","",'TERM 1'!O10) | AO4: =IF('TERM 2'!O10="","",'TERM 2'!O10) | AP4: =IF('TERM 3'!O10="","",'TERM 3'!O10) | AQ4: =IF(COUNT(AN4:AP4)<3,"",ROUND(AVERAGE(AN4:AP4),0)) | AR4: =IF(AQ4="","",IF(AQ4>=75,"Passed","Failed")) | AS4: =IF('TERM 1'!P10="","",'TERM 1'!P10) | AT4: =IF('TERM 2'!P10="","",'TERM 2'!P10) | AU4: =IF('TERM 3'!P10="","",'TERM 3'!P10) | AV4: =IF(COUNT(AS4:AU4)<3,"",ROUND(AVERAGE(AS4:AU4),0)) | AW4: =IF(AV4="","",IF(AV4>=75,"Passed","Failed")) | AX4: =IF('TERM 1'!S10="","",'TERM 1'!S10) | AY4: =IF('TERM 2'!S10="","",'TERM 2'!S10) | AZ4: =IF('TERM 3'!S10="","",'TERM 3'!S10) | BA4: =IF(COUNT(AX4:AZ4)<3,"",ROUND(AVERAGE(AX4:AZ4),0)) | BB4: =IF(BA4="","",IF(BA4>=75,"Passed","Failed")) | BC4: =IF('TERM 1'!Q10="","",'TERM 1'!Q10) | BD4: =IF('TERM 2'!Q10="","",'TERM 2'!Q10) | BE4: =IF('TERM 3'!Q10="","",'TERM 3'!Q10) | BF4: =IF(COUNT(BC4:BE4)<3,"",ROUND(AVERAGE(BC4:BE4),0)) | BG4: =IF(BF4="","",IF(BF4>=75,"Passed","Failed")) | BH4: =IF('TERM 1'!R10="","",'TERM 1'!R10) | BI4: =IF('TERM 2'!R10="","",'TERM 2'!R10) | BJ4: =IF('TERM 3'!R10="","",'TERM 3'!R10) | BK4: =IF(COUNT(BH4:BJ4)<3,"",ROUND(AVERAGE(BH4:BJ4),0)) | BL4: =IF(BK4="","",IF(BK4>=75,"Passed","Failed")) | BM4: =IF(COUNT(R4,W4,AB4,AG4,AL4,AQ4,AV4,BA4)<8,"",ROUND(AVERAGE(R4,W4,AB4,AG4,AL4,AQ4,AV4,BA4),0)) | BN4: =IF(BM4="","",IF(BM4>=75,"Passed","Failed"))
A5: =IF($K5="","",IF('INPUT DATA'!F5="","",'INPUT DATA'!F5)) | B5: =IF($K5="","",IF('INPUT DATA'!F6="","",'INPUT DATA'!F6)) | C5: =IF($K5="","",IF('INPUT DATA'!F8="","",'INPUT DATA'!F8)) | D5: =IF($K5="","",IF('INPUT DATA'!F7="","",'INPUT DATA'!F7)) | E5: =IF($K5="","",IF('INPUT DATA'!F11="","",'INPUT DATA'!F11)) | F5: =IF($K5="","",IF('INPUT DATA'!F13="","",'INPUT DATA'!F13)) | G5: =IF($K5="","",IF('INPUT DATA'!F21="","",'INPUT DATA'!F21)) | H5: =IF($K5="","",IF('INPUT DATA'!F22="","",'INPUT DATA'!F22)) | I5: =IF($K5="","",IF('INPUT DATA'!F23="","",'INPUT DATA'!F23)) | J5: =IF($K5="","",IF('INPUT DATA'!F14="","",'INPUT DATA'!F14)) | K5: =IF('INPUT DATA'!L9="","",'INPUT DATA'!L9) | L5: =IF('INPUT DATA'!M9="","",'INPUT DATA'!M9) | M5: =IF('TERM 1'!H11="","",'TERM 1'!H11) | N5: =IF(K5="","","M") | O5: =IF('TERM 1'!J11="","",'TERM 1'!J11) | P5: =IF('TERM 2'!J11="","",'TERM 2'!J11) | Q5: =IF('TERM 3'!J11="","",'TERM 3'!J11) | R5: =IF(COUNT(O5:Q5)<3,"",ROUND(AVERAGE(O5:Q5),0)) | S5: =IF(R5="","",IF(R5>=75,"Passed","Failed")) | T5: =IF('TERM 1'!K11="","",'TERM 1'!K11) | U5: =IF('TERM 2'!K11="","",'TERM 2'!K11) | V5: =IF('TERM 3'!K11="","",'TERM 3'!K11) | W5: =IF(COUNT(T5:V5)<3,"",ROUND(AVERAGE(T5:V5),0)) | X5: =IF(W5="","",IF(W5>=75,"Passed","Failed")) | Y5: =IF('TERM 1'!L11="","",'TERM 1'!L11) | Z5: =IF('TERM 2'!L11="","",'TERM 2'!L11) | AA5: =IF('TERM 3'!L11="","",'TERM 3'!L11) | AB5: =IF(COUNT(Y5:AA5)<3,"",ROUND(AVERAGE(Y5:AA5),0)) | AC5: =IF(AB5="","",IF(AB5>=75,"Passed","Failed")) | AD5: =IF('TERM 1'!M11="","",'TERM 1'!M11) | AE5: =IF('TERM 2'!M11="","",'TERM 2'!M11) | AF5: =IF('TERM 3'!M11="","",'TERM 3'!M11) | AG5: =IF(COUNT(AD5:AF5)<3,"",ROUND(AVERAGE(AD5:AF5),0)) | AH5: =IF(AG5="","",IF(AG5>=75,"Passed","Failed")) | AI5: =IF('TERM 1'!N11="","",'TERM 1'!N11) | AJ5: =IF('TERM 2'!N11="","",'TERM 2'!N11) | AK5: =IF('TERM 3'!N11="","",'TERM 3'!N11) | AL5: =IF(COUNT(AI5:AK5)<3,"",ROUND(AVERAGE(AI5:AK5),0)) | AM5: =IF(AL5="","",IF(AL5>=75,"Passed","Failed")) | AN5: =IF('TERM 1'!O11="","",'TERM 1'!O11) | AO5: =IF('TERM 2'!O11="","",'TERM 2'!O11) | AP5: =IF('TERM 3'!O11="","",'TERM 3'!O11) | AQ5: =IF(COUNT(AN5:AP5)<3,"",ROUND(AVERAGE(AN5:AP5),0)) | AR5: =IF(AQ5="","",IF(AQ5>=75,"Passed","Failed")) | AS5: =IF('TERM 1'!P11="","",'TERM 1'!P11) | AT5: =IF('TERM 2'!P11="","",'TERM 2'!P11) | AU5: =IF('TERM 3'!P11="","",'TERM 3'!P11) | AV5: =IF(COUNT(AS5:AU5)<3,"",ROUND(AVERAGE(AS5:AU5),0)) | AW5: =IF(AV5="","",IF(AV5>=75,"Passed","Failed")) | AX5: =IF('TERM 1'!S11="","",'TERM 1'!S11) | AY5: =IF('TERM 2'!S11="","",'TERM 2'!S11) | AZ5: =IF('TERM 3'!S11="","",'TERM 3'!S11) | BA5: =IF(COUNT(AX5:AZ5)<3,"",ROUND(AVERAGE(AX5:AZ5),0)) | BB5: =IF(BA5="","",IF(BA5>=75,"Passed","Failed")) | BC5: =IF('TERM 1'!Q11="","",'TERM 1'!Q11) | BD5: =IF('TERM 2'!Q11="","",'TERM 2'!Q11) | BE5: =IF('TERM 3'!Q11="","",'TERM 3'!Q11) | BF5: =IF(COUNT(BC5:BE5)<3,"",ROUND(AVERAGE(BC5:BE5),0)) | BG5: =IF(BF5="","",IF(BF5>=75,"Passed","Failed")) | BH5: =IF('TERM 1'!R11="","",'TERM 1'!R11) | BI5: =IF('TERM 2'!R11="","",'TERM 2'!R11) | BJ5: =IF('TERM 3'!R11="","",'TERM 3'!R11) | BK5: =IF(COUNT(BH5:BJ5)<3,"",ROUND(AVERAGE(BH5:BJ5),0)) | BL5: =IF(BK5="","",IF(BK5>=75,"Passed","Failed")) | BM5: =IF(COUNT(R5,W5,AB5,AG5,AL5,AQ5,AV5,BA5)<8,"",ROUND(AVERAGE(R5,W5,AB5,AG5,AL5,AQ5,AV5,BA5),0)) | BN5: =IF(BM5="","",IF(BM5>=75,"Passed","Failed"))
A6: =IF($K6="","",IF('INPUT DATA'!F5="","",'INPUT DATA'!F5)) | B6: =IF($K6="","",IF('INPUT DATA'!F6="","",'INPUT DATA'!F6)) | C6: =IF($K6="","",IF('INPUT DATA'!F8="","",'INPUT DATA'!F8)) | D6: =IF($K6="","",IF('INPUT DATA'!F7="","",'INPUT DATA'!F7)) | E6: =IF($K6="","",IF('INPUT DATA'!F11="","",'INPUT DATA'!F11)) | F6: =IF($K6="","",IF('INPUT DATA'!F13="","",'INPUT DATA'!F13)) | G6: =IF($K6="","",IF('INPUT DATA'!F21="","",'INPUT DATA'!F21)) | H6: =IF($K6="","",IF('INPUT DATA'!F22="","",'INPUT DATA'!F22)) | I6: =IF($K6="","",IF('INPUT DATA'!F23="","",'INPUT DATA'!F23)) | J6: =IF($K6="","",IF('INPUT DATA'!F14="","",'INPUT DATA'!F14)) | K6: =IF('INPUT DATA'!L10="","",'INPUT DATA'!L10) | L6: =IF('INPUT DATA'!M10="","",'INPUT DATA'!M10) | M6: =IF('TERM 1'!H12="","",'TERM 1'!H12) | N6: =IF(K6="","","M") | O6: =IF('TERM 1'!J12="","",'TERM 1'!J12) | P6: =IF('TERM 2'!J12="","",'TERM 2'!J12) | Q6: =IF('TERM 3'!J12="","",'TERM 3'!J12) | R6: =IF(COUNT(O6:Q6)<3,"",ROUND(AVERAGE(O6:Q6),0)) | S6: =IF(R6="","",IF(R6>=75,"Passed","Failed")) | T6: =IF('TERM 1'!K12="","",'TERM 1'!K12) | U6: =IF('TERM 2'!K12="","",'TERM 2'!K12) | V6: =IF('TERM 3'!K12="","",'TERM 3'!K12) | W6: =IF(COUNT(T6:V6)<3,"",ROUND(AVERAGE(T6:V6),0)) | X6: =IF(W6="","",IF(W6>=75,"Passed","Failed")) | Y6: =IF('TERM 1'!L12="","",'TERM 1'!L12) | Z6: =IF('TERM 2'!L12="","",'TERM 2'!L12) | AA6: =IF('TERM 3'!L12="","",'TERM 3'!L12) | AB6: =IF(COUNT(Y6:AA6)<3,"",ROUND(AVERAGE(Y6:AA6),0)) | AC6: =IF(AB6="","",IF(AB6>=75,"Passed","Failed")) | AD6: =IF('TERM 1'!M12="","",'TERM 1'!M12) | AE6: =IF('TERM 2'!M12="","",'TERM 2'!M12) | AF6: =IF('TERM 3'!M12="","",'TERM 3'!M12) | AG6: =IF(COUNT(AD6:AF6)<3,"",ROUND(AVERAGE(AD6:AF6),0)) | AH6: =IF(AG6="","",IF(AG6>=75,"Passed","Failed")) | AI6: =IF('TERM 1'!N12="","",'TERM 1'!N12) | AJ6: =IF('TERM 2'!N12="","",'TERM 2'!N12) | AK6: =IF('TERM 3'!N12="","",'TERM 3'!N12) | AL6: =IF(COUNT(AI6:AK6)<3,"",ROUND(AVERAGE(AI6:AK6),0)) | AM6: =IF(AL6="","",IF(AL6>=75,"Passed","Failed")) | AN6: =IF('TERM 1'!O12="","",'TERM 1'!O12) | AO6: =IF('TERM 2'!O12="","",'TERM 2'!O12) | AP6: =IF('TERM 3'!O12="","",'TERM 3'!O12) | AQ6: =IF(COUNT(AN6:AP6)<3,"",ROUND(AVERAGE(AN6:AP6),0)) | AR6: =IF(AQ6="","",IF(AQ6>=75,"Passed","Failed")) | AS6: =IF('TERM 1'!P12="","",'TERM 1'!P12) | AT6: =IF('TERM 2'!P12="","",'TERM 2'!P12) | AU6: =IF('TERM 3'!P12="","",'TERM 3'!P12) | AV6: =IF(COUNT(AS6:AU6)<3,"",ROUND(AVERAGE(AS6:AU6),0)) | AW6: =IF(AV6="","",IF(AV6>=75,"Passed","Failed")) | AX6: =IF('TERM 1'!S12="","",'TERM 1'!S12) | AY6: =IF('TERM 2'!S12="","",'TERM 2'!S12) | AZ6: =IF('TERM 3'!S12="","",'TERM 3'!S12) | BA6: =IF(COUNT(AX6:AZ6)<3,"",ROUND(AVERAGE(AX6:AZ6),0)) | BB6: =IF(BA6="","",IF(BA6>=75,"Passed","Failed")) | BC6: =IF('TERM 1'!Q12="","",'TERM 1'!Q12) | BD6: =IF('TERM 2'!Q12="","",'TERM 2'!Q12) | BE6: =IF('TERM 3'!Q12="","",'TERM 3'!Q12) | BF6: =IF(COUNT(BC6:BE6)<3,"",ROUND(AVERAGE(BC6:BE6),0)) | BG6: =IF(BF6="","",IF(BF6>=75,"Passed","Failed")) | BH6: =IF('TERM 1'!R12="","",'TERM 1'!R12) | BI6: =IF('TERM 2'!R12="","",'TERM 2'!R12) | BJ6: =IF('TERM 3'!R12="","",'TERM 3'!R12) | BK6: =IF(COUNT(BH6:BJ6)<3,"",ROUND(AVERAGE(BH6:BJ6),0)) | BL6: =IF(BK6="","",IF(BK6>=75,"Passed","Failed")) | BM6: =IF(COUNT(R6,W6,AB6,AG6,AL6,AQ6,AV6,BA6)<8,"",ROUND(AVERAGE(R6,W6,AB6,AG6,AL6,AQ6,AV6,BA6),0)) | BN6: =IF(BM6="","",IF(BM6>=75,"Passed","Failed"))
A7: =IF($K7="","",IF('INPUT DATA'!F5="","",'INPUT DATA'!F5)) | B7: =IF($K7="","",IF('INPUT DATA'!F6="","",'INPUT DATA'!F6)) | C7: =IF($K7="","",IF('INPUT DATA'!F8="","",'INPUT DATA'!F8)) | D7: =IF($K7="","",IF('INPUT DATA'!F7="","",'INPUT DATA'!F7)) | E7: =IF($K7="","",IF('INPUT DATA'!F11="","",'INPUT DATA'!F11)) | F7: =IF($K7="","",IF('INPUT DATA'!F13="","",'INPUT DATA'!F13)) | G7: =IF($K7="","",IF('INPUT DATA'!F21="","",'INPUT DATA'!F21)) | H7: =IF($K7="","",IF('INPUT DATA'!F22="","",'INPUT DATA'!F22)) | I7: =IF($K7="","",IF('INPUT DATA'!F23="","",'INPUT DATA'!F23)) | J7: =IF($K7="","",IF('INPUT DATA'!F14="","",'INPUT DATA'!F14)) | K7: =IF('INPUT DATA'!L11="","",'INPUT DATA'!L11) | L7: =IF('INPUT DATA'!M11="","",'INPUT DATA'!M11) | M7: =IF('TERM 1'!H13="","",'TERM 1'!H13) | N7: =IF(K7="","","M") | O7: =IF('TERM 1'!J13="","",'TERM 1'!J13) | P7: =IF('TERM 2'!J13="","",'TERM 2'!J13) | Q7: =IF('TERM 3'!J13="","",'TERM 3'!J13) | R7: =IF(COUNT(O7:Q7)<3,"",ROUND(AVERAGE(O7:Q7),0)) | S7: =IF(R7="","",IF(R7>=75,"Passed","Failed")) | T7: =IF('TERM 1'!K13="","",'TERM 1'!K13) | U7: =IF('TERM 2'!K13="","",'TERM 2'!K13) | V7: =IF('TERM 3'!K13="","",'TERM 3'!K13) | W7: =IF(COUNT(T7:V7)<3,"",ROUND(AVERAGE(T7:V7),0)) | X7: =IF(W7="","",IF(W7>=75,"Passed","Failed")) | Y7: =IF('TERM 1'!L13="","",'TERM 1'!L13) | Z7: =IF('TERM 2'!L13="","",'TERM 2'!L13) | AA7: =IF('TERM 3'!L13="","",'TERM 3'!L13) | AB7: =IF(COUNT(Y7:AA7)<3,"",ROUND(AVERAGE(Y7:AA7),0)) | AC7: =IF(AB7="","",IF(AB7>=75,"Passed","Failed")) | AD7: =IF('TERM 1'!M13="","",'TERM 1'!M13) | AE7: =IF('TERM 2'!M13="","",'TERM 2'!M13) | AF7: =IF('TERM 3'!M13="","",'TERM 3'!M13) | AG7: =IF(COUNT(AD7:AF7)<3,"",ROUND(AVERAGE(AD7:AF7),0)) | AH7: =IF(AG7="","",IF(AG7>=75,"Passed","Failed")) | AI7: =IF('TERM 1'!N13="","",'TERM 1'!N13) | AJ7: =IF('TERM 2'!N13="","",'TERM 2'!N13) | AK7: =IF('TERM 3'!N13="","",'TERM 3'!N13) | AL7: =IF(COUNT(AI7:AK7)<3,"",ROUND(AVERAGE(AI7:AK7),0)) | AM7: =IF(AL7="","",IF(AL7>=75,"Passed","Failed")) | AN7: =IF('TERM 1'!O13="","",'TERM 1'!O13) | AO7: =IF('TERM 2'!O13="","",'TERM 2'!O13) | AP7: =IF('TERM 3'!O13="","",'TERM 3'!O13) | AQ7: =IF(COUNT(AN7:AP7)<3,"",ROUND(AVERAGE(AN7:AP7),0)) | AR7: =IF(AQ7="","",IF(AQ7>=75,"Passed","Failed")) | AS7: =IF('TERM 1'!P13="","",'TERM 1'!P13) | AT7: =IF('TERM 2'!P13="","",'TERM 2'!P13) | AU7: =IF('TERM 3'!P13="","",'TERM 3'!P13) | AV7: =IF(COUNT(AS7:AU7)<3,"",ROUND(AVERAGE(AS7:AU7),0)) | AW7: =IF(AV7="","",IF(AV7>=75,"Passed","Failed")) | AX7: =IF('TERM 1'!S13="","",'TERM 1'!S13) | AY7: =IF('TERM 2'!S13="","",'TERM 2'!S13) | AZ7: =IF('TERM 3'!S13="","",'TERM 3'!S13) | BA7: =IF(COUNT(AX7:AZ7)<3,"",ROUND(AVERAGE(AX7:AZ7),0)) | BB7: =IF(BA7="","",IF(BA7>=75,"Passed","Failed")) | BC7: =IF('TERM 1'!Q13="","",'TERM 1'!Q13) | BD7: =IF('TERM 2'!Q13="","",'TERM 2'!Q13) | BE7: =IF('TERM 3'!Q13="","",'TERM 3'!Q13) | BF7: =IF(COUNT(BC7:BE7)<3,"",ROUND(AVERAGE(BC7:BE7),0)) | BG7: =IF(BF7="","",IF(BF7>=75,"Passed","Failed")) | BH7: =IF('TERM 1'!R13="","",'TERM 1'!R13) | BI7: =IF('TERM 2'!R13="","",'TERM 2'!R13) | BJ7: =IF('TERM 3'!R13="","",'TERM 3'!R13) | BK7: =IF(COUNT(BH7:BJ7)<3,"",ROUND(AVERAGE(BH7:BJ7),0)) | BL7: =IF(BK7="","",IF(BK7>=75,"Passed","Failed")) | BM7: =IF(COUNT(R7,W7,AB7,AG7,AL7,AQ7,AV7,BA7)<8,"",ROUND(AVERAGE(R7,W7,AB7,AG7,AL7,AQ7,AV7,BA7),0)) | BN7: =IF(BM7="","",IF(BM7>=75,"Passed","Failed"))
A8: =IF($K8="","",IF('INPUT DATA'!F5="","",'INPUT DATA'!F5)) | B8: =IF($K8="","",IF('INPUT DATA'!F6="","",'INPUT DATA'!F6)) | C8: =IF($K8="","",IF('INPUT DATA'!F8="","",'INPUT DATA'!F8)) | D8: =IF($K8="","",IF('INPUT DATA'!F7="","",'INPUT DATA'!F7)) | E8: =IF($K8="","",IF('INPUT DATA'!F11="","",'INPUT DATA'!F11)) | F8: =IF($K8="","",IF('INPUT DATA'!F13="","",'INPUT DATA'!F13)) | G8: =IF($K8="","",IF('INPUT DATA'!F21="","",'INPUT DATA'!F21)) | H8: =IF($K8="","",IF('INPUT DATA'!F22="","",'INPUT DATA'!F22)) | I8: =IF($K8="","",IF('INPUT DATA'!F23="","",'INPUT DATA'!F23)) | J8: =IF($K8="","",IF('INPUT DATA'!F14="","",'INPUT DATA'!F14)) | K8: =IF('INPUT DATA'!L12="","",'INPUT DATA'!L12) | L8: =IF('INPUT DATA'!M12="","",'INPUT DATA'!M12) | M8: =IF('TERM 1'!H14="","",'TERM 1'!H14) | N8: =IF(K8="","","M") | O8: =IF('TERM 1'!J14="","",'TERM 1'!J14) | P8: =IF('TERM 2'!J14="","",'TERM 2'!J14) | Q8: =IF('TERM 3'!J14="","",'TERM 3'!J14) | R8: =IF(COUNT(O8:Q8)<3,"",ROUND(AVERAGE(O8:Q8),0)) | S8: =IF(R8="","",IF(R8>=75,"Passed","Failed")) | T8: =IF('TERM 1'!K14="","",'TERM 1'!K14) | U8: =IF('TERM 2'!K14="","",'TERM 2'!K14) | V8: =IF('TERM 3'!K14="","",'TERM 3'!K14) | W8: =IF(COUNT(T8:V8)<3,"",ROUND(AVERAGE(T8:V8),0)) | X8: =IF(W8="","",IF(W8>=75,"Passed","Failed")) | Y8: =IF('TERM 1'!L14="","",'TERM 1'!L14) | Z8: =IF('TERM 2'!L14="","",'TERM 2'!L14) | AA8: =IF('TERM 3'!L14="","",'TERM 3'!L14) | AB8: =IF(COUNT(Y8:AA8)<3,"",ROUND(AVERAGE(Y8:AA8),0)) | AC8: =IF(AB8="","",IF(AB8>=75,"Passed","Failed")) | AD8: =IF('TERM 1'!M14="","",'TERM 1'!M14) | AE8: =IF('TERM 2'!M14="","",'TERM 2'!M14) | AF8: =IF('TERM 3'!M14="","",'TERM 3'!M14) | AG8: =IF(COUNT(AD8:AF8)<3,"",ROUND(AVERAGE(AD8:AF8),0)) | AH8: =IF(AG8="","",IF(AG8>=75,"Passed","Failed")) | AI8: =IF('TERM 1'!N14="","",'TERM 1'!N14) | AJ8: =IF('TERM 2'!N14="","",'TERM 2'!N14) | AK8: =IF('TERM 3'!N14="","",'TERM 3'!N14) | AL8: =IF(COUNT(AI8:AK8)<3,"",ROUND(AVERAGE(AI8:AK8),0)) | AM8: =IF(AL8="","",IF(AL8>=75,"Passed","Failed")) | AN8: =IF('TERM 1'!O14="","",'TERM 1'!O14) | AO8: =IF('TERM 2'!O14="","",'TERM 2'!O14) | AP8: =IF('TERM 3'!O14="","",'TERM 3'!O14) | AQ8: =IF(COUNT(AN8:AP8)<3,"",ROUND(AVERAGE(AN8:AP8),0)) | AR8: =IF(AQ8="","",IF(AQ8>=75,"Passed","Failed")) | AS8: =IF('TERM 1'!P14="","",'TERM 1'!P14) | AT8: =IF('TERM 2'!P14="","",'TERM 2'!P14) | AU8: =IF('TERM 3'!P14="","",'TERM 3'!P14) | AV8: =IF(COUNT(AS8:AU8)<3,"",ROUND(AVERAGE(AS8:AU8),0)) | AW8: =IF(AV8="","",IF(AV8>=75,"Passed","Failed")) | AX8: =IF('TERM 1'!S14="","",'TERM 1'!S14) | AY8: =IF('TERM 2'!S14="","",'TERM 2'!S14) | AZ8: =IF('TERM 3'!S14="","",'TERM 3'!S14) | BA8: =IF(COUNT(AX8:AZ8)<3,"",ROUND(AVERAGE(AX8:AZ8),0)) | BB8: =IF(BA8="","",IF(BA8>=75,"Passed","Failed")) | BC8: =IF('TERM 1'!Q14="","",'TERM 1'!Q14) | BD8: =IF('TERM 2'!Q14="","",'TERM 2'!Q14) | BE8: =IF('TERM 3'!Q14="","",'TERM 3'!Q14) | BF8: =IF(COUNT(BC8:BE8)<3,"",ROUND(AVERAGE(BC8:BE8),0)) | BG8: =IF(BF8="","",IF(BF8>=75,"Passed","Failed")) | BH8: =IF('TERM 1'!R14="","",'TERM 1'!R14) | BI8: =IF('TERM 2'!R14="","",'TERM 2'!R14) | BJ8: =IF('TERM 3'!R14="","",'TERM 3'!R14) | BK8: =IF(COUNT(BH8:BJ8)<3,"",ROUND(AVERAGE(BH8:BJ8),0)) | BL8: =IF(BK8="","",IF(BK8>=75,"Passed","Failed")) | BM8: =IF(COUNT(R8,W8,AB8,AG8,AL8,AQ8,AV8,BA8)<8,"",ROUND(AVERAGE(R8,W8,AB8,AG8,AL8,AQ8,AV8,BA8),0)) | BN8: =IF(BM8="","",IF(BM8>=75,"Passed","Failed"))
A9: =IF($K9="","",IF('INPUT DATA'!F5="","",'INPUT DATA'!F5)) | B9: =IF($K9="","",IF('INPUT DATA'!F6="","",'INPUT DATA'!F6)) | C9: =IF($K9="","",IF('INPUT DATA'!F8="","",'INPUT DATA'!F8)) | D9: =IF($K9="","",IF('INPUT DATA'!F7="","",'INPUT DATA'!F7)) | E9: =IF($K9="","",IF('INPUT DATA'!F11="","",'INPUT DATA'!F11)) | F9: =IF($K9="","",IF('INPUT DATA'!F13="","",'INPUT DATA'!F13)) | G9: =IF($K9="","",IF('INPUT DATA'!F21="","",'INPUT DATA'!F21)) | H9: =IF($K9="","",IF('INPUT DATA'!F22="","",'INPUT DATA'!F22)) | I9: =IF($K9="","",IF('INPUT DATA'!F23="","",'INPUT DATA'!F23)) | J9: =IF($K9="","",IF('INPUT DATA'!F14="","",'INPUT DATA'!F14)) | K9: =IF('INPUT DATA'!L13="","",'INPUT DATA'!L13) | L9: =IF('INPUT DATA'!M13="","",'INPUT DATA'!M13) | M9: =IF('TERM 1'!H15="","",'TERM 1'!H15) | N9: =IF(K9="","","M") | O9: =IF('TERM 1'!J15="","",'TERM 1'!J15) | P9: =IF('TERM 2'!J15="","",'TERM 2'!J15) | Q9: =IF('TERM 3'!J15="","",'TERM 3'!J15) | R9: =IF(COUNT(O9:Q9)<3,"",ROUND(AVERAGE(O9:Q9),0)) | S9: =IF(R9="","",IF(R9>=75,"Passed","Failed")) | T9: =IF('TERM 1'!K15="","",'TERM 1'!K15) | U9: =IF('TERM 2'!K15="","",'TERM 2'!K15) | V9: =IF('TERM 3'!K15="","",'TERM 3'!K15) | W9: =IF(COUNT(T9:V9)<3,"",ROUND(AVERAGE(T9:V9),0)) | X9: =IF(W9="","",IF(W9>=75,"Passed","Failed")) | Y9: =IF('TERM 1'!L15="","",'TERM 1'!L15) | Z9: =IF('TERM 2'!L15="","",'TERM 2'!L15) | AA9: =IF('TERM 3'!L15="","",'TERM 3'!L15) | AB9: =IF(COUNT(Y9:AA9)<3,"",ROUND(AVERAGE(Y9:AA9),0)) | AC9: =IF(AB9="","",IF(AB9>=75,"Passed","Failed")) | AD9: =IF('TERM 1'!M15="","",'TERM 1'!M15) | AE9: =IF('TERM 2'!M15="","",'TERM 2'!M15) | AF9: =IF('TERM 3'!M15="","",'TERM 3'!M15) | AG9: =IF(COUNT(AD9:AF9)<3,"",ROUND(AVERAGE(AD9:AF9),0)) | AH9: =IF(AG9="","",IF(AG9>=75,"Passed","Failed")) | AI9: =IF('TERM 1'!N15="","",'TERM 1'!N15) | AJ9: =IF('TERM 2'!N15="","",'TERM 2'!N15) | AK9: =IF('TERM 3'!N15="","",'TERM 3'!N15) | AL9: =IF(COUNT(AI9:AK9)<3,"",ROUND(AVERAGE(AI9:AK9),0)) | AM9: =IF(AL9="","",IF(AL9>=75,"Passed","Failed")) | AN9: =IF('TERM 1'!O15="","",'TERM 1'!O15) | AO9: =IF('TERM 2'!O15="","",'TERM 2'!O15) | AP9: =IF('TERM 3'!O15="","",'TERM 3'!O15) | AQ9: =IF(COUNT(AN9:AP9)<3,"",ROUND(AVERAGE(AN9:AP9),0)) | AR9: =IF(AQ9="","",IF(AQ9>=75,"Passed","Failed")) | AS9: =IF('TERM 1'!P15="","",'TERM 1'!P15) | AT9: =IF('TERM 2'!P15="","",'TERM 2'!P15) | AU9: =IF('TERM 3'!P15="","",'TERM 3'!P15) | AV9: =IF(COUNT(AS9:AU9)<3,"",ROUND(AVERAGE(AS9:AU9),0)) | AW9: =IF(AV9="","",IF(AV9>=75,"Passed","Failed")) | AX9: =IF('TERM 1'!S15="","",'TERM 1'!S15) | AY9: =IF('TERM 2'!S15="","",'TERM 2'!S15) | AZ9: =IF('TERM 3'!S15="","",'TERM 3'!S15) | BA9: =IF(COUNT(AX9:AZ9)<3,"",ROUND(AVERAGE(AX9:AZ9),0)) | BB9: =IF(BA9="","",IF(BA9>=75,"Passed","Failed")) | BC9: =IF('TERM 1'!Q15="","",'TERM 1'!Q15) | BD9: =IF('TERM 2'!Q15="","",'TERM 2'!Q15) | BE9: =IF('TERM 3'!Q15="","",'TERM 3'!Q15) | BF9: =IF(COUNT(BC9:BE9)<3,"",ROUND(AVERAGE(BC9:BE9),0)) | BG9: =IF(BF9="","",IF(BF9>=75,"Passed","Failed")) | BH9: =IF('TERM 1'!R15="","",'TERM 1'!R15) | BI9: =IF('TERM 2'!R15="","",'TERM 2'!R15) | BJ9: =IF('TERM 3'!R15="","",'TERM 3'!R15) | BK9: =IF(COUNT(BH9:BJ9)<3,"",ROUND(AVERAGE(BH9:BJ9),0)) | BL9: =IF(BK9="","",IF(BK9>=75,"Passed","Failed")) | BM9: =IF(COUNT(R9,W9,AB9,AG9,AL9,AQ9,AV9,BA9)<8,"",ROUND(AVERAGE(R9,W9,AB9,AG9,AL9,AQ9,AV9,BA9),0)) | BN9: =IF(BM9="","",IF(BM9>=75,"Passed","Failed"))
A10: =IF($K10="","",IF('INPUT DATA'!F5="","",'INPUT DATA'!F5)) | B10: =IF($K10="","",IF('INPUT DATA'!F6="","",'INPUT DATA'!F6)) | C10: =IF($K10="","",IF('INPUT DATA'!F8="","",'INPUT DATA'!F8)) | D10: =IF($K10="","",IF('INPUT DATA'!F7="","",'INPUT DATA'!F7)) | E10: =IF($K10="","",IF('INPUT DATA'!F11="","",'INPUT DATA'!F11)) | F10: =IF($K10="","",IF('INPUT DATA'!F13="","",'INPUT DATA'!F13)) | G10: =IF($K10="","",IF('INPUT DATA'!F21="","",'INPUT DATA'!F21)) | H10: =IF($K10="","",IF('INPUT DATA'!F22="","",'INPUT DATA'!F22)) | I10: =IF($K10="","",IF('INPUT DATA'!F23="","",'INPUT DATA'!F23)) | J10: =IF($K10="","",IF('INPUT DATA'!F14="","",'INPUT DATA'!F14)) | K10: =IF('INPUT DATA'!L14="","",'INPUT DATA'!L14) | L10: =IF('INPUT DATA'!M14="","",'INPUT DATA'!M14) | M10: =IF('TERM 1'!H16="","",'TERM 1'!H16) | N10: =IF(K10="","","M") | O10: =IF('TERM 1'!J16="","",'TERM 1'!J16) | P10: =IF('TERM 2'!J16="","",'TERM 2'!J16) | Q10: =IF('TERM 3'!J16="","",'TERM 3'!J16) | R10: =IF(COUNT(O10:Q10)<3,"",ROUND(AVERAGE(O10:Q10),0)) | S10: =IF(R10="","",IF(R10>=75,"Passed","Failed")) | T10: =IF('TERM 1'!K16="","",'TERM 1'!K16) | U10: =IF('TERM 2'!K16="","",'TERM 2'!K16) | V10: =IF('TERM 3'!K16="","",'TERM 3'!K16) | W10: =IF(COUNT(T10:V10)<3,"",ROUND(AVERAGE(T10:V10),0)) | X10: =IF(W10="","",IF(W10>=75,"Passed","Failed")) | Y10: =IF('TERM 1'!L16="","",'TERM 1'!L16) | Z10: =IF('TERM 2'!L16="","",'TERM 2'!L16) | AA10: =IF('TERM 3'!L16="","",'TERM 3'!L16) | AB10: =IF(COUNT(Y10:AA10)<3,"",ROUND(AVERAGE(Y10:AA10),0)) | AC10: =IF(AB10="","",IF(AB10>=75,"Passed","Failed")) | AD10: =IF('TERM 1'!M16="","",'TERM 1'!M16) | AE10: =IF('TERM 2'!M16="","",'TERM 2'!M16) | AF10: =IF('TERM 3'!M16="","",'TERM 3'!M16) | AG10: =IF(COUNT(AD10:AF10)<3,"",ROUND(AVERAGE(AD10:AF10),0)) | AH10: =IF(AG10="","",IF(AG10>=75,"Passed","Failed")) | AI10: =IF('TERM 1'!N16="","",'TERM 1'!N16) | AJ10: =IF('TERM 2'!N16="","",'TERM 2'!N16) | AK10: =IF('TERM 3'!N16="","",'TERM 3'!N16) | AL10: =IF(COUNT(AI10:AK10)<3,"",ROUND(AVERAGE(AI10:AK10),0)) | AM10: =IF(AL10="","",IF(AL10>=75,"Passed","Failed")) | AN10: =IF('TERM 1'!O16="","",'TERM 1'!O16) | AO10: =IF('TERM 2'!O16="","",'TERM 2'!O16) | AP10: =IF('TERM 3'!O16="","",'TERM 3'!O16) | AQ10: =IF(COUNT(AN10:AP10)<3,"",ROUND(AVERAGE(AN10:AP10),0)) | AR10: =IF(AQ10="","",IF(AQ10>=75,"Passed","Failed")) | AS10: =IF('TERM 1'!P16="","",'TERM 1'!P16) | AT10: =IF('TERM 2'!P16="","",'TERM 2'!P16) | AU10: =IF('TERM 3'!P16="","",'TERM 3'!P16) | AV10: =IF(COUNT(AS10:AU10)<3,"",ROUND(AVERAGE(AS10:AU10),0)) | AW10: =IF(AV10="","",IF(AV10>=75,"Passed","Failed")) | AX10: =IF('TERM 1'!S16="","",'TERM 1'!S16) | AY10: =IF('TERM 2'!S16="","",'TERM 2'!S16) | AZ10: =IF('TERM 3'!S16="","",'TERM 3'!S16) | BA10: =IF(COUNT(AX10:AZ10)<3,"",ROUND(AVERAGE(AX10:AZ10),0)) | BB10: =IF(BA10="","",IF(BA10>=75,"Passed","Failed")) | BC10: =IF('TERM 1'!Q16="","",'TERM 1'!Q16) | BD10: =IF('TERM 2'!Q16="","",'TERM 2'!Q16) | BE10: =IF('TERM 3'!Q16="","",'TERM 3'!Q16) | BF10: =IF(COUNT(BC10:BE10)<3,"",ROUND(AVERAGE(BC10:BE10),0)) | BG10: =IF(BF10="","",IF(BF10>=75,"Passed","Failed")) | BH10: =IF('TERM 1'!R16="","",'TERM 1'!R16) | BI10: =IF('TERM 2'!R16="","",'TERM 2'!R16) | BJ10: =IF('TERM 3'!R16="","",'TERM 3'!R16) | BK10: =IF(COUNT(BH10:BJ10)<3,"",ROUND(AVERAGE(BH10:BJ10),0)) | BL10: =IF(BK10="","",IF(BK10>=75,"Passed","Failed")) | BM10: =IF(COUNT(R10,W10,AB10,AG10,AL10,AQ10,AV10,BA10)<8,"",ROUND(AVERAGE(R10,W10,AB10,AG10,AL10,AQ10,AV10,BA10),0)) | BN10: =IF(BM10="","",IF(BM10>=75,"Passed","Failed"))
A11: =IF($K11="","",IF('INPUT DATA'!F5="","",'INPUT DATA'!F5)) | B11: =IF($K11="","",IF('INPUT DATA'!F6="","",'INPUT DATA'!F6)) | C11: =IF($K11="","",IF('INPUT DATA'!F8="","",'INPUT DATA'!F8)) | D11: =IF($K11="","",IF('INPUT DATA'!F7="","",'INPUT DATA'!F7)) | E11: =IF($K11="","",IF('INPUT DATA'!F11="","",'INPUT DATA'!F11)) | F11: =IF($K11="","",IF('INPUT DATA'!F13="","",'INPUT DATA'!F13)) | G11: =IF($K11="","",IF('INPUT DATA'!F21="","",'INPUT DATA'!F21)) | H11: =IF($K11="","",IF('INPUT DATA'!F22="","",'INPUT DATA'!F22)) | I11: =IF($K11="","",IF('INPUT DATA'!F23="","",'INPUT DATA'!F23)) | J11: =IF($K11="","",IF('INPUT DATA'!F14="","",'INPUT DATA'!F14)) | K11: =IF('INPUT DATA'!L15="","",'INPUT DATA'!L15) | L11: =IF('INPUT DATA'!M15="","",'INPUT DATA'!M15) | M11: =IF('TERM 1'!H17="","",'TERM 1'!H17) | N11: =IF(K11="","","M") | O11: =IF('TERM 1'!J17="","",'TERM 1'!J17) | P11: =IF('TERM 2'!J17="","",'TERM 2'!J17) | Q11: =IF('TERM 3'!J17="","",'TERM 3'!J17) | R11: =IF(COUNT(O11:Q11)<3,"",ROUND(AVERAGE(O11:Q11),0)) | S11: =IF(R11="","",IF(R11>=75,"Passed","Failed")) | T11: =IF('TERM 1'!K17="","",'TERM 1'!K17) | U11: =IF('TERM 2'!K17="","",'TERM 2'!K17) | V11: =IF('TERM 3'!K17="","",'TERM 3'!K17) | W11: =IF(COUNT(T11:V11)<3,"",ROUND(AVERAGE(T11:V11),0)) | X11: =IF(W11="","",IF(W11>=75,"Passed","Failed")) | Y11: =IF('TERM 1'!L17="","",'TERM 1'!L17) | Z11: =IF('TERM 2'!L17="","",'TERM 2'!L17) | AA11: =IF('TERM 3'!L17="","",'TERM 3'!L17) | AB11: =IF(COUNT(Y11:AA11)<3,"",ROUND(AVERAGE(Y11:AA11),0)) | AC11: =IF(AB11="","",IF(AB11>=75,"Passed","Failed")) | AD11: =IF('TERM 1'!M17="","",'TERM 1'!M17) | AE11: =IF('TERM 2'!M17="","",'TERM 2'!M17) | AF11: =IF('TERM 3'!M17="","",'TERM 3'!M17) | AG11: =IF(COUNT(AD11:AF11)<3,"",ROUND(AVERAGE(AD11:AF11),0)) | AH11: =IF(AG11="","",IF(AG11>=75,"Passed","Failed")) | AI11: =IF('TERM 1'!N17="","",'TERM 1'!N17) | AJ11: =IF('TERM 2'!N17="","",'TERM 2'!N17) | AK11: =IF('TERM 3'!N17="","",'TERM 3'!N17) | AL11: =IF(COUNT(AI11:AK11)<3,"",ROUND(AVERAGE(AI11:AK11),0)) | AM11: =IF(AL11="","",IF(AL11>=75,"Passed","Failed")) | AN11: =IF('TERM 1'!O17="","",'TERM 1'!O17) | AO11: =IF('TERM 2'!O17="","",'TERM 2'!O17) | AP11: =IF('TERM 3'!O17="","",'TERM 3'!O17) | AQ11: =IF(COUNT(AN11:AP11)<3,"",ROUND(AVERAGE(AN11:AP11),0)) | AR11: =IF(AQ11="","",IF(AQ11>=75,"Passed","Failed")) | AS11: =IF('TERM 1'!P17="","",'TERM 1'!P17) | AT11: =IF('TERM 2'!P17="","",'TERM 2'!P17) | AU11: =IF('TERM 3'!P17="","",'TERM 3'!P17) | AV11: =IF(COUNT(AS11:AU11)<3,"",ROUND(AVERAGE(AS11:AU11),0)) | AW11: =IF(AV11="","",IF(AV11>=75,"Passed","Failed")) | AX11: =IF('TERM 1'!S17="","",'TERM 1'!S17) | AY11: =IF('TERM 2'!S17="","",'TERM 2'!S17) | AZ11: =IF('TERM 3'!S17="","",'TERM 3'!S17) | BA11: =IF(COUNT(AX11:AZ11)<3,"",ROUND(AVERAGE(AX11:AZ11),0)) | BB11: =IF(BA11="","",IF(BA11>=75,"Passed","Failed")) | BC11: =IF('TERM 1'!Q17="","",'TERM 1'!Q17) | BD11: =IF('TERM 2'!Q17="","",'TERM 2'!Q17) | BE11: =IF('TERM 3'!Q17="","",'TERM 3'!Q17) | BF11: =IF(COUNT(BC11:BE11)<3,"",ROUND(AVERAGE(BC11:BE11),0)) | BG11: =IF(BF11="","",IF(BF11>=75,"Passed","Failed")) | BH11: =IF('TERM 1'!R17="","",'TERM 1'!R17) | BI11: =IF('TERM 2'!R17="","",'TERM 2'!R17) | BJ11: =IF('TERM 3'!R17="","",'TERM 3'!R17) | BK11: =IF(COUNT(BH11:BJ11)<3,"",ROUND(AVERAGE(BH11:BJ11),0)) | BL11: =IF(BK11="","",IF(BK11>=75,"Passed","Failed")) | BM11: =IF(COUNT(R11,W11,AB11,AG11,AL11,AQ11,AV11,BA11)<8,"",ROUND(AVERAGE(R11,W11,AB11,AG11,AL11,AQ11,AV11,BA11),0)) | BN11: =IF(BM11="","",IF(BM11>=75,"Passed","Failed"))
A12: =IF($K12="","",IF('INPUT DATA'!F5="","",'INPUT DATA'!F5)) | B12: =IF($K12="","",IF('INPUT DATA'!F6="","",'INPUT DATA'!F6)) | C12: =IF($K12="","",IF('INPUT DATA'!F8="","",'INPUT DATA'!F8)) | D12: =IF($K12="","",IF('INPUT DATA'!F7="","",'INPUT DATA'!F7)) | E12: =IF($K12="","",IF('INPUT DATA'!F11="","",'INPUT DATA'!F11)) | F12: =IF($K12="","",IF('INPUT DATA'!F13="","",'INPUT DATA'!F13)) | G12: =IF($K12="","",IF('INPUT DATA'!F21="","",'INPUT DATA'!F21)) | H12: =IF($K12="","",IF('INPUT DATA'!F22="","",'INPUT DATA'!F22)) | I12: =IF($K12="","",IF('INPUT DATA'!F23="","",'INPUT DATA'!F23)) | J12: =IF($K12="","",IF('INPUT DATA'!F14="","",'INPUT DATA'!F14)) | K12: =IF('INPUT DATA'!L16="","",'INPUT DATA'!L16) | L12: =IF('INPUT DATA'!M16="","",'INPUT DATA'!M16) | M12: =IF('TERM 1'!H18="","",'TERM 1'!H18) | N12: =IF(K12="","","M") | O12: =IF('TERM 1'!J18="","",'TERM 1'!J18) | P12: =IF('TERM 2'!J18="","",'TERM 2'!J18) | Q12: =IF('TERM 3'!J18="","",'TERM 3'!J18) | R12: =IF(COUNT(O12:Q12)<3,"",ROUND(AVERAGE(O12:Q12),0)) | S12: =IF(R12="","",IF(R12>=75,"Passed","Failed")) | T12: =IF('TERM 1'!K18="","",'TERM 1'!K18) | U12: =IF('TERM 2'!K18="","",'TERM 2'!K18) | V12: =IF('TERM 3'!K18="","",'TERM 3'!K18) | W12: =IF(COUNT(T12:V12)<3,"",ROUND(AVERAGE(T12:V12),0)) | X12: =IF(W12="","",IF(W12>=75,"Passed","Failed")) | Y12: =IF('TERM 1'!L18="","",'TERM 1'!L18) | Z12: =IF('TERM 2'!L18="","",'TERM 2'!L18) | AA12: =IF('TERM 3'!L18="","",'TERM 3'!L18) | AB12: =IF(COUNT(Y12:AA12)<3,"",ROUND(AVERAGE(Y12:AA12),0)) | AC12: =IF(AB12="","",IF(AB12>=75,"Passed","Failed")) | AD12: =IF('TERM 1'!M18="","",'TERM 1'!M18) | AE12: =IF('TERM 2'!M18="","",'TERM 2'!M18) | AF12: =IF('TERM 3'!M18="","",'TERM 3'!M18) | AG12: =IF(COUNT(AD12:AF12)<3,"",ROUND(AVERAGE(AD12:AF12),0)) | AH12: =IF(AG12="","",IF(AG12>=75,"Passed","Failed")) | AI12: =IF('TERM 1'!N18="","",'TERM 1'!N18) | AJ12: =IF('TERM 2'!N18="","",'TERM 2'!N18) | AK12: =IF('TERM 3'!N18="","",'TERM 3'!N18) | AL12: =IF(COUNT(AI12:AK12)<3,"",ROUND(AVERAGE(AI12:AK12),0)) | AM12: =IF(AL12="","",IF(AL12>=75,"Passed","Failed")) | AN12: =IF('TERM 1'!O18="","",'TERM 1'!O18) | AO12: =IF('TERM 2'!O18="","",'TERM 2'!O18) | AP12: =IF('TERM 3'!O18="","",'TERM 3'!O18) | AQ12: =IF(COUNT(AN12:AP12)<3,"",ROUND(AVERAGE(AN12:AP12),0)) | AR12: =IF(AQ12="","",IF(AQ12>=75,"Passed","Failed")) | AS12: =IF('TERM 1'!P18="","",'TERM 1'!P18) | AT12: =IF('TERM 2'!P18="","",'TERM 2'!P18) | AU12: =IF('TERM 3'!P18="","",'TERM 3'!P18) | AV12: =IF(COUNT(AS12:AU12)<3,"",ROUND(AVERAGE(AS12:AU12),0)) | AW12: =IF(AV12="","",IF(AV12>=75,"Passed","Failed")) | AX12: =IF('TERM 1'!S18="","",'TERM 1'!S18) | AY12: =IF('TERM 2'!S18="","",'TERM 2'!S18) | AZ12: =IF('TERM 3'!S18="","",'TERM 3'!S18) | BA12: =IF(COUNT(AX12:AZ12)<3,"",ROUND(AVERAGE(AX12:AZ12),0)) | BB12: =IF(BA12="","",IF(BA12>=75,"Passed","Failed")) | BC12: =IF('TERM 1'!Q18="","",'TERM 1'!Q18) | BD12: =IF('TERM 2'!Q18="","",'TERM 2'!Q18) | BE12: =IF('TERM 3'!Q18="","",'TERM 3'!Q18) | BF12: =IF(COUNT(BC12:BE12)<3,"",ROUND(AVERAGE(BC12:BE12),0)) | BG12: =IF(BF12="","",IF(BF12>=75,"Passed","Failed")) | BH12: =IF('TERM 1'!R18="","",'TERM 1'!R18) | BI12: =IF('TERM 2'!R18="","",'TERM 2'!R18) | BJ12: =IF('TERM 3'!R18="","",'TERM 3'!R18) | BK12: =IF(COUNT(BH12:BJ12)<3,"",ROUND(AVERAGE(BH12:BJ12),0)) | BL12: =IF(BK12="","",IF(BK12>=75,"Passed","Failed")) | BM12: =IF(COUNT(R12,W12,AB12,AG12,AL12,AQ12,AV12,BA12)<8,"",ROUND(AVERAGE(R12,W12,AB12,AG12,AL12,AQ12,AV12,BA12),0)) | BN12: =IF(BM12="","",IF(BM12>=75,"Passed","Failed"))
A13: =IF($K13="","",IF('INPUT DATA'!F5="","",'INPUT DATA'!F5)) | B13: =IF($K13="","",IF('INPUT DATA'!F6="","",'INPUT DATA'!F6)) | C13: =IF($K13="","",IF('INPUT DATA'!F8="","",'INPUT DATA'!F8)) | D13: =IF($K13="","",IF('INPUT DATA'!F7="","",'INPUT DATA'!F7)) | E13: =IF($K13="","",IF('INPUT DATA'!F11="","",'INPUT DATA'!F11)) | F13: =IF($K13="","",IF('INPUT DATA'!F13="","",'INPUT DATA'!F13)) | G13: =IF($K13="","",IF('INPUT DATA'!F21="","",'INPUT DATA'!F21)) | H13: =IF($K13="","",IF('INPUT DATA'!F22="","",'INPUT DATA'!F22)) | I13: =IF($K13="","",IF('INPUT DATA'!F23="","",'INPUT DATA'!F23)) | J13: =IF($K13="","",IF('INPUT DATA'!F14="","",'INPUT DATA'!F14)) | K13: =IF('INPUT DATA'!L17="","",'INPUT DATA'!L17) | L13: =IF('INPUT DATA'!M17="","",'INPUT DATA'!M17) | M13: =IF('TERM 1'!H19="","",'TERM 1'!H19) | N13: =IF(K13="","","M") | O13: =IF('TERM 1'!J19="","",'TERM 1'!J19) | P13: =IF('TERM 2'!J19="","",'TERM 2'!J19) | Q13: =IF('TERM 3'!J19="","",'TERM 3'!J19) | R13: =IF(COUNT(O13:Q13)<3,"",ROUND(AVERAGE(O13:Q13),0)) | S13: =IF(R13="","",IF(R13>=75,"Passed","Failed")) | T13: =IF('TERM 1'!K19="","",'TERM 1'!K19) | U13: =IF('TERM 2'!K19="","",'TERM 2'!K19) | V13: =IF('TERM 3'!K19="","",'TERM 3'!K19) | W13: =IF(COUNT(T13:V13)<3,"",ROUND(AVERAGE(T13:V13),0)) | X13: =IF(W13="","",IF(W13>=75,"Passed","Failed")) | Y13: =IF('TERM 1'!L19="","",'TERM 1'!L19) | Z13: =IF('TERM 2'!L19="","",'TERM 2'!L19) | AA13: =IF('TERM 3'!L19="","",'TERM 3'!L19) | AB13: =IF(COUNT(Y13:AA13)<3,"",ROUND(AVERAGE(Y13:AA13),0)) | AC13: =IF(AB13="","",IF(AB13>=75,"Passed","Failed")) | AD13: =IF('TERM 1'!M19="","",'TERM 1'!M19) | AE13: =IF('TERM 2'!M19="","",'TERM 2'!M19) | AF13: =IF('TERM 3'!M19="","",'TERM 3'!M19) | AG13: =IF(COUNT(AD13:AF13)<3,"",ROUND(AVERAGE(AD13:AF13),0)) | AH13: =IF(AG13="","",IF(AG13>=75,"Passed","Failed")) | AI13: =IF('TERM 1'!N19="","",'TERM 1'!N19) | AJ13: =IF('TERM 2'!N19="","",'TERM 2'!N19) | AK13: =IF('TERM 3'!N19="","",'TERM 3'!N19) | AL13: =IF(COUNT(AI13:AK13)<3,"",ROUND(AVERAGE(AI13:AK13),0)) | AM13: =IF(AL13="","",IF(AL13>=75,"Passed","Failed")) | AN13: =IF('TERM 1'!O19="","",'TERM 1'!O19) | AO13: =IF('TERM 2'!O19="","",'TERM 2'!O19) | AP13: =IF('TERM 3'!O19="","",'TERM 3'!O19) | AQ13: =IF(COUNT(AN13:AP13)<3,"",ROUND(AVERAGE(AN13:AP13),0)) | AR13: =IF(AQ13="","",IF(AQ13>=75,"Passed","Failed")) | AS13: =IF('TERM 1'!P19="","",'TERM 1'!P19) | AT13: =IF('TERM 2'!P19="","",'TERM 2'!P19) | AU13: =IF('TERM 3'!P19="","",'TERM 3'!P19) | AV13: =IF(COUNT(AS13:AU13)<3,"",ROUND(AVERAGE(AS13:AU13),0)) | AW13: =IF(AV13="","",IF(AV13>=75,"Passed","Failed")) | AX13: =IF('TERM 1'!S19="","",'TERM 1'!S19) | AY13: =IF('TERM 2'!S19="","",'TERM 2'!S19) | AZ13: =IF('TERM 3'!S19="","",'TERM 3'!S19) | BA13: =IF(COUNT(AX13:AZ13)<3,"",ROUND(AVERAGE(AX13:AZ13),0)) | BB13: =IF(BA13="","",IF(BA13>=75,"Passed","Failed")) | BC13: =IF('TERM 1'!Q19="","",'TERM 1'!Q19) | BD13: =IF('TERM 2'!Q19="","",'TERM 2'!Q19) | BE13: =IF('TERM 3'!Q19="","",'TERM 3'!Q19) | BF13: =IF(COUNT(BC13:BE13)<3,"",ROUND(AVERAGE(BC13:BE13),0)) | BG13: =IF(BF13="","",IF(BF13>=75,"Passed","Failed")) | BH13: =IF('TERM 1'!R19="","",'TERM 1'!R19) | BI13: =IF('TERM 2'!R19="","",'TERM 2'!R19) | BJ13: =IF('TERM 3'!R19="","",'TERM 3'!R19) | BK13: =IF(COUNT(BH13:BJ13)<3,"",ROUND(AVERAGE(BH13:BJ13),0)) | BL13: =IF(BK13="","",IF(BK13>=75,"Passed","Failed")) | BM13: =IF(COUNT(R13,W13,AB13,AG13,AL13,AQ13,AV13,BA13)<8,"",ROUND(AVERAGE(R13,W13,AB13,AG13,AL13,AQ13,AV13,BA13),0)) | BN13: =IF(BM13="","",IF(BM13>=75,"Passed","Failed"))
A14: =IF($K14="","",IF('INPUT DATA'!F5="","",'INPUT DATA'!F5)) | B14: =IF($K14="","",IF('INPUT DATA'!F6="","",'INPUT DATA'!F6)) | C14: =IF($K14="","",IF('INPUT DATA'!F8="","",'INPUT DATA'!F8)) | D14: =IF($K14="","",IF('INPUT DATA'!F7="","",'INPUT DATA'!F7)) | E14: =IF($K14="","",IF('INPUT DATA'!F11="","",'INPUT DATA'!F11)) | F14: =IF($K14="","",IF('INPUT DATA'!F13="","",'INPUT DATA'!F13)) | G14: =IF($K14="","",IF('INPUT DATA'!F21="","",'INPUT DATA'!F21)) | H14: =IF($K14="","",IF('INPUT DATA'!F22="","",'INPUT DATA'!F22)) | I14: =IF($K14="","",IF('INPUT DATA'!F23="","",'INPUT DATA'!F23)) | J14: =IF($K14="","",IF('INPUT DATA'!F14="","",'INPUT DATA'!F14)) | K14: =IF('INPUT DATA'!L18="","",'INPUT DATA'!L18) | L14: =IF('INPUT DATA'!M18="","",'INPUT DATA'!M18) | M14: =IF('TERM 1'!H20="","",'TERM 1'!H20) | N14: =IF(K14="","","M") | O14: =IF('TERM 1'!J20="","",'TERM 1'!J20) | P14: =IF('TERM 2'!J20="","",'TERM 2'!J20) | Q14: =IF('TERM 3'!J20="","",'TERM 3'!J20) | R14: =IF(COUNT(O14:Q14)<3,"",ROUND(AVERAGE(O14:Q14),0)) | S14: =IF(R14="","",IF(R14>=75,"Passed","Failed")) | T14: =IF('TERM 1'!K20="","",'TERM 1'!K20) | U14: =IF('TERM 2'!K20="","",'TERM 2'!K20) | V14: =IF('TERM 3'!K20="","",'TERM 3'!K20) | W14: =IF(COUNT(T14:V14)<3,"",ROUND(AVERAGE(T14:V14),0)) | X14: =IF(W14="","",IF(W14>=75,"Passed","Failed")) | Y14: =IF('TERM 1'!L20="","",'TERM 1'!L20) | Z14: =IF('TERM 2'!L20="","",'TERM 2'!L20) | AA14: =IF('TERM 3'!L20="","",'TERM 3'!L20) | AB14: =IF(COUNT(Y14:AA14)<3,"",ROUND(AVERAGE(Y14:AA14),0)) | AC14: =IF(AB14="","",IF(AB14>=75,"Passed","Failed")) | AD14: =IF('TERM 1'!M20="","",'TERM 1'!M20) | AE14: =IF('TERM 2'!M20="","",'TERM 2'!M20) | AF14: =IF('TERM 3'!M20="","",'TERM 3'!M20) | AG14: =IF(COUNT(AD14:AF14)<3,"",ROUND(AVERAGE(AD14:AF14),0)) | AH14: =IF(AG14="","",IF(AG14>=75,"Passed","Failed")) | AI14: =IF('TERM 1'!N20="","",'TERM 1'!N20) | AJ14: =IF('TERM 2'!N20="","",'TERM 2'!N20) | AK14: =IF('TERM 3'!N20="","",'TERM 3'!N20) | AL14: =IF(COUNT(AI14:AK14)<3,"",ROUND(AVERAGE(AI14:AK14),0)) | AM14: =IF(AL14="","",IF(AL14>=75,"Passed","Failed")) | AN14: =IF('TERM 1'!O20="","",'TERM 1'!O20) | AO14: =IF('TERM 2'!O20="","",'TERM 2'!O20) | AP14: =IF('TERM 3'!O20="","",'TERM 3'!O20) | AQ14: =IF(COUNT(AN14:AP14)<3,"",ROUND(AVERAGE(AN14:AP14),0)) | AR14: =IF(AQ14="","",IF(AQ14>=75,"Passed","Failed")) | AS14: =IF('TERM 1'!P20="","",'TERM 1'!P20) | AT14: =IF('TERM 2'!P20="","",'TERM 2'!P20) | AU14: =IF('TERM 3'!P20="","",'TERM 3'!P20) | AV14: =IF(COUNT(AS14:AU14)<3,"",ROUND(AVERAGE(AS14:AU14),0)) | AW14: =IF(AV14="","",IF(AV14>=75,"Passed","Failed")) | AX14: =IF('TERM 1'!S20="","",'TERM 1'!S20) | AY14: =IF('TERM 2'!S20="","",'TERM 2'!S20) | AZ14: =IF('TERM 3'!S20="","",'TERM 3'!S20) | BA14: =IF(COUNT(AX14:AZ14)<3,"",ROUND(AVERAGE(AX14:AZ14),0)) | BB14: =IF(BA14="","",IF(BA14>=75,"Passed","Failed")) | BC14: =IF('TERM 1'!Q20="","",'TERM 1'!Q20) | BD14: =IF('TERM 2'!Q20="","",'TERM 2'!Q20) | BE14: =IF('TERM 3'!Q20="","",'TERM 3'!Q20) | BF14: =IF(COUNT(BC14:BE14)<3,"",ROUND(AVERAGE(BC14:BE14),0)) | BG14: =IF(BF14="","",IF(BF14>=75,"Passed","Failed")) | BH14: =IF('TERM 1'!R20="","",'TERM 1'!R20) | BI14: =IF('TERM 2'!R20="","",'TERM 2'!R20) | BJ14: =IF('TERM 3'!R20="","",'TERM 3'!R20) | BK14: =IF(COUNT(BH14:BJ14)<3,"",ROUND(AVERAGE(BH14:BJ14),0)) | BL14: =IF(BK14="","",IF(BK14>=75,"Passed","Failed")) | BM14: =IF(COUNT(R14,W14,AB14,AG14,AL14,AQ14,AV14,BA14)<8,"",ROUND(AVERAGE(R14,W14,AB14,AG14,AL14,AQ14,AV14,BA14),0)) | BN14: =IF(BM14="","",IF(BM14>=75,"Passed","Failed"))
A15: =IF($K15="","",IF('INPUT DATA'!F5="","",'INPUT DATA'!F5)) | B15: =IF($K15="","",IF('INPUT DATA'!F6="","",'INPUT DATA'!F6)) | C15: =IF($K15="","",IF('INPUT DATA'!F8="","",'INPUT DATA'!F8)) | D15: =IF($K15="","",IF('INPUT DATA'!F7="","",'INPUT DATA'!F7)) | E15: =IF($K15="","",IF('INPUT DATA'!F11="","",'INPUT DATA'!F11)) | F15: =IF($K15="","",IF('INPUT DATA'!F13="","",'INPUT DATA'!F13)) | G15: =IF($K15="","",IF('INPUT DATA'!F21="","",'INPUT DATA'!F21)) | H15: =IF($K15="","",IF('INPUT DATA'!F22="","",'INPUT DATA'!F22)) | I15: =IF($K15="","",IF('INPUT DATA'!F23="","",'INPUT DATA'!F23)) | J15: =IF($K15="","",IF('INPUT DATA'!F14="","",'INPUT DATA'!F14)) | K15: =IF('INPUT DATA'!L19="","",'INPUT DATA'!L19) | L15: =IF('INPUT DATA'!M19="","",'INPUT DATA'!M19) | M15: =IF('TERM 1'!H21="","",'TERM 1'!H21) | N15: =IF(K15="","","M") | O15: =IF('TERM 1'!J21="","",'TERM 1'!J21) | P15: =IF('TERM 2'!J21="","",'TERM 2'!J21) | Q15: =IF('TERM 3'!J21="","",'TERM 3'!J21) | R15: =IF(COUNT(O15:Q15)<3,"",ROUND(AVERAGE(O15:Q15),0)) | S15: =IF(R15="","",IF(R15>=75,"Passed","Failed")) | T15: =IF('TERM 1'!K21="","",'TERM 1'!K21) | U15: =IF('TERM 2'!K21="","",'TERM 2'!K21) | V15: =IF('TERM 3'!K21="","",'TERM 3'!K21) | W15: =IF(COUNT(T15:V15)<3,"",ROUND(AVERAGE(T15:V15),0)) | X15: =IF(W15="","",IF(W15>=75,"Passed","Failed")) | Y15: =IF('TERM 1'!L21="","",'TERM 1'!L21) | Z15: =IF('TERM 2'!L21="","",'TERM 2'!L21) | AA15: =IF('TERM 3'!L21="","",'TERM 3'!L21) | AB15: =IF(COUNT(Y15:AA15)<3,"",ROUND(AVERAGE(Y15:AA15),0)) | AC15: =IF(AB15="","",IF(AB15>=75,"Passed","Failed")) | AD15: =IF('TERM 1'!M21="","",'TERM 1'!M21) | AE15: =IF('TERM 2'!M21="","",'TERM 2'!M21) | AF15: =IF('TERM 3'!M21="","",'TERM 3'!M21) | AG15: =IF(COUNT(AD15:AF15)<3,"",ROUND(AVERAGE(AD15:AF15),0)) | AH15: =IF(AG15="","",IF(AG15>=75,"Passed","Failed")) | AI15: =IF('TERM 1'!N21="","",'TERM 1'!N21) | AJ15: =IF('TERM 2'!N21="","",'TERM 2'!N21) | AK15: =IF('TERM 3'!N21="","",'TERM 3'!N21) | AL15: =IF(COUNT(AI15:AK15)<3,"",ROUND(AVERAGE(AI15:AK15),0)) | AM15: =IF(AL15="","",IF(AL15>=75,"Passed","Failed")) | AN15: =IF('TERM 1'!O21="","",'TERM 1'!O21) | AO15: =IF('TERM 2'!O21="","",'TERM 2'!O21) | AP15: =IF('TERM 3'!O21="","",'TERM 3'!O21) | AQ15: =IF(COUNT(AN15:AP15)<3,"",ROUND(AVERAGE(AN15:AP15),0)) | AR15: =IF(AQ15="","",IF(AQ15>=75,"Passed","Failed")) | AS15: =IF('TERM 1'!P21="","",'TERM 1'!P21) | AT15: =IF('TERM 2'!P21="","",'TERM 2'!P21) | AU15: =IF('TERM 3'!P21="","",'TERM 3'!P21) | AV15: =IF(COUNT(AS15:AU15)<3,"",ROUND(AVERAGE(AS15:AU15),0)) | AW15: =IF(AV15="","",IF(AV15>=75,"Passed","Failed")) | AX15: =IF('TERM 1'!S21="","",'TERM 1'!S21) | AY15: =IF('TERM 2'!S21="","",'TERM 2'!S21) | AZ15: =IF('TERM 3'!S21="","",'TERM 3'!S21) | BA15: =IF(COUNT(AX15:AZ15)<3,"",ROUND(AVERAGE(AX15:AZ15),0)) | BB15: =IF(BA15="","",IF(BA15>=75,"Passed","Failed")) | BC15: =IF('TERM 1'!Q21="","",'TERM 1'!Q21) | BD15: =IF('TERM 2'!Q21="","",'TERM 2'!Q21) | BE15: =IF('TERM 3'!Q21="","",'TERM 3'!Q21) | BF15: =IF(COUNT(BC15:BE15)<3,"",ROUND(AVERAGE(BC15:BE15),0)) | BG15: =IF(BF15="","",IF(BF15>=75,"Passed","Failed")) | BH15: =IF('TERM 1'!R21="","",'TERM 1'!R21) | BI15: =IF('TERM 2'!R21="","",'TERM 2'!R21) | BJ15: =IF('TERM 3'!R21="","",'TERM 3'!R21) | BK15: =IF(COUNT(BH15:BJ15)<3,"",ROUND(AVERAGE(BH15:BJ15),0)) | BL15: =IF(BK15="","",IF(BK15>=75,"Passed","Failed")) | BM15: =IF(COUNT(R15,W15,AB15,AG15,AL15,AQ15,AV15,BA15)<8,"",ROUND(AVERAGE(R15,W15,AB15,AG15,AL15,AQ15,AV15,BA15),0)) | BN15: =IF(BM15="","",IF(BM15>=75,"Passed","Failed"))
A16: =IF($K16="","",IF('INPUT DATA'!F5="","",'INPUT DATA'!F5)) | B16: =IF($K16="","",IF('INPUT DATA'!F6="","",'INPUT DATA'!F6)) | C16: =IF($K16="","",IF('INPUT DATA'!F8="","",'INPUT DATA'!F8)) | D16: =IF($K16="","",IF('INPUT DATA'!F7="","",'INPUT DATA'!F7)) | E16: =IF($K16="","",IF('INPUT DATA'!F11="","",'INPUT DATA'!F11)) | F16: =IF($K16="","",IF('INPUT DATA'!F13="","",'INPUT DATA'!F13)) | G16: =IF($K16="","",IF('INPUT DATA'!F21="","",'INPUT DATA'!F21)) | H16: =IF($K16="","",IF('INPUT DATA'!F22="","",'INPUT DATA'!F22)) | I16: =IF($K16="","",IF('INPUT DATA'!F23="","",'INPUT DATA'!F23)) | J16: =IF($K16="","",IF('INPUT DATA'!F14="","",'INPUT DATA'!F14)) | K16: =IF('INPUT DATA'!L20="","",'INPUT DATA'!L20) | L16: =IF('INPUT DATA'!M20="","",'INPUT DATA'!M20) | M16: =IF('TERM 1'!H22="","",'TERM 1'!H22) | N16: =IF(K16="","","M") | O16: =IF('TERM 1'!J22="","",'TERM 1'!J22) | P16: =IF('TERM 2'!J22="","",'TERM 2'!J22) | Q16: =IF('TERM 3'!J22="","",'TERM 3'!J22) | R16: =IF(COUNT(O16:Q16)<3,"",ROUND(AVERAGE(O16:Q16),0)) | S16: =IF(R16="","",IF(R16>=75,"Passed","Failed")) | T16: =IF('TERM 1'!K22="","",'TERM 1'!K22) | U16: =IF('TERM 2'!K22="","",'TERM 2'!K22) | V16: =IF('TERM 3'!K22="","",'TERM 3'!K22) | W16: =IF(COUNT(T16:V16)<3,"",ROUND(AVERAGE(T16:V16),0)) | X16: =IF(W16="","",IF(W16>=75,"Passed","Failed")) | Y16: =IF('TERM 1'!L22="","",'TERM 1'!L22) | Z16: =IF('TERM 2'!L22="","",'TERM 2'!L22) | AA16: =IF('TERM 3'!L22="","",'TERM 3'!L22) | AB16: =IF(COUNT(Y16:AA16)<3,"",ROUND(AVERAGE(Y16:AA16),0)) | AC16: =IF(AB16="","",IF(AB16>=75,"Passed","Failed")) | AD16: =IF('TERM 1'!M22="","",'TERM 1'!M22) | AE16: =IF('TERM 2'!M22="","",'TERM 2'!M22) | AF16: =IF('TERM 3'!M22="","",'TERM 3'!M22) | AG16: =IF(COUNT(AD16:AF16)<3,"",ROUND(AVERAGE(AD16:AF16),0)) | AH16: =IF(AG16="","",IF(AG16>=75,"Passed","Failed")) | AI16: =IF('TERM 1'!N22="","",'TERM 1'!N22) | AJ16: =IF('TERM 2'!N22="","",'TERM 2'!N22) | AK16: =IF('TERM 3'!N22="","",'TERM 3'!N22) | AL16: =IF(COUNT(AI16:AK16)<3,"",ROUND(AVERAGE(AI16:AK16),0)) | AM16: =IF(AL16="","",IF(AL16>=75,"Passed","Failed")) | AN16: =IF('TERM 1'!O22="","",'TERM 1'!O22) | AO16: =IF('TERM 2'!O22="","",'TERM 2'!O22) | AP16: =IF('TERM 3'!O22="","",'TERM 3'!O22) | AQ16: =IF(COUNT(AN16:AP16)<3,"",ROUND(AVERAGE(AN16:AP16),0)) | AR16: =IF(AQ16="","",IF(AQ16>=75,"Passed","Failed")) | AS16: =IF('TERM 1'!P22="","",'TERM 1'!P22) | AT16: =IF('TERM 2'!P22="","",'TERM 2'!P22) | AU16: =IF('TERM 3'!P22="","",'TERM 3'!P22) | AV16: =IF(COUNT(AS16:AU16)<3,"",ROUND(AVERAGE(AS16:AU16),0)) | AW16: =IF(AV16="","",IF(AV16>=75,"Passed","Failed")) | AX16: =IF('TERM 1'!S22="","",'TERM 1'!S22) | AY16: =IF('TERM 2'!S22="","",'TERM 2'!S22) | AZ16: =IF('TERM 3'!S22="","",'TERM 3'!S22) | BA16: =IF(COUNT(AX16:AZ16)<3,"",ROUND(AVERAGE(AX16:AZ16),0)) | BB16: =IF(BA16="","",IF(BA16>=75,"Passed","Failed")) | BC16: =IF('TERM 1'!Q22="","",'TERM 1'!Q22) | BD16: =IF('TERM 2'!Q22="","",'TERM 2'!Q22) | BE16: =IF('TERM 3'!Q22="","",'TERM 3'!Q22) | BF16: =IF(COUNT(BC16:BE16)<3,"",ROUND(AVERAGE(BC16:BE16),0)) | BG16: =IF(BF16="","",IF(BF16>=75,"Passed","Failed")) | BH16: =IF('TERM 1'!R22="","",'TERM 1'!R22) | BI16: =IF('TERM 2'!R22="","",'TERM 2'!R22) | BJ16: =IF('TERM 3'!R22="","",'TERM 3'!R22) | BK16: =IF(COUNT(BH16:BJ16)<3,"",ROUND(AVERAGE(BH16:BJ16),0)) | BL16: =IF(BK16="","",IF(BK16>=75,"Passed","Failed")) | BM16: =IF(COUNT(R16,W16,AB16,AG16,AL16,AQ16,AV16,BA16)<8,"",ROUND(AVERAGE(R16,W16,AB16,AG16,AL16,AQ16,AV16,BA16),0)) | BN16: =IF(BM16="","",IF(BM16>=75,"Passed","Failed"))
A17: =IF($K17="","",IF('INPUT DATA'!F5="","",'INPUT DATA'!F5)) | B17: =IF($K17="","",IF('INPUT DATA'!F6="","",'INPUT DATA'!F6)) | C17: =IF($K17="","",IF('INPUT DATA'!F8="","",'INPUT DATA'!F8)) | D17: =IF($K17="","",IF('INPUT DATA'!F7="","",'INPUT DATA'!F7)) | E17: =IF($K17="","",IF('INPUT DATA'!F11="","",'INPUT DATA'!F11)) | F17: =IF($K17="","",IF('INPUT DATA'!F13="","",'INPUT DATA'!F13)) | G17: =IF($K17="","",IF('INPUT DATA'!F21="","",'INPUT DATA'!F21)) | H17: =IF($K17="","",IF('INPUT DATA'!F22="","",'INPUT DATA'!F22)) | I17: =IF($K17="","",IF('INPUT DATA'!F23="","",'INPUT DATA'!F23)) | J17: =IF($K17="","",IF('INPUT DATA'!F14="","",'INPUT DATA'!F14)) | K17: =IF('INPUT DATA'!L21="","",'INPUT DATA'!L21) | L17: =IF('INPUT DATA'!M21="","",'INPUT DATA'!M21) | M17: =IF('TERM 1'!H23="","",'TERM 1'!H23) | N17: =IF(K17="","","M") | O17: =IF('TERM 1'!J23="","",'TERM 1'!J23) | P17: =IF('TERM 2'!J23="","",'TERM 2'!J23) | Q17: =IF('TERM 3'!J23="","",'TERM 3'!J23) | R17: =IF(COUNT(O17:Q17)<3,"",ROUND(AVERAGE(O17:Q17),0)) | S17: =IF(R17="","",IF(R17>=75,"Passed","Failed")) | T17: =IF('TERM 1'!K23="","",'TERM 1'!K23) | U17: =IF('TERM 2'!K23="","",'TERM 2'!K23) | V17: =IF('TERM 3'!K23="","",'TERM 3'!K23) | W17: =IF(COUNT(T17:V17)<3,"",ROUND(AVERAGE(T17:V17),0)) | X17: =IF(W17="","",IF(W17>=75,"Passed","Failed")) | Y17: =IF('TERM 1'!L23="","",'TERM 1'!L23) | Z17: =IF('TERM 2'!L23="","",'TERM 2'!L23) | AA17: =IF('TERM 3'!L23="","",'TERM 3'!L23) | AB17: =IF(COUNT(Y17:AA17)<3,"",ROUND(AVERAGE(Y17:AA17),0)) | AC17: =IF(AB17="","",IF(AB17>=75,"Passed","Failed")) | AD17: =IF('TERM 1'!M23="","",'TERM 1'!M23) | AE17: =IF('TERM 2'!M23="","",'TERM 2'!M23) | AF17: =IF('TERM 3'!M23="","",'TERM 3'!M23) | AG17: =IF(COUNT(AD17:AF17)<3,"",ROUND(AVERAGE(AD17:AF17),0)) | AH17: =IF(AG17="","",IF(AG17>=75,"Passed","Failed")) | AI17: =IF('TERM 1'!N23="","",'TERM 1'!N23) | AJ17: =IF('TERM 2'!N23="","",'TERM 2'!N23) | AK17: =IF('TERM 3'!N23="","",'TERM 3'!N23) | AL17: =IF(COUNT(AI17:AK17)<3,"",ROUND(AVERAGE(AI17:AK17),0)) | AM17: =IF(AL17="","",IF(AL17>=75,"Passed","Failed")) | AN17: =IF('TERM 1'!O23="","",'TERM 1'!O23) | AO17: =IF('TERM 2'!O23="","",'TERM 2'!O23) | AP17: =IF('TERM 3'!O23="","",'TERM 3'!O23) | AQ17: =IF(COUNT(AN17:AP17)<3,"",ROUND(AVERAGE(AN17:AP17),0)) | AR17: =IF(AQ17="","",IF(AQ17>=75,"Passed","Failed")) | AS17: =IF('TERM 1'!P23="","",'TERM 1'!P23) | AT17: =IF('TERM 2'!P23="","",'TERM 2'!P23) | AU17: =IF('TERM 3'!P23="","",'TERM 3'!P23) | AV17: =IF(COUNT(AS17:AU17)<3,"",ROUND(AVERAGE(AS17:AU17),0)) | AW17: =IF(AV17="","",IF(AV17>=75,"Passed","Failed")) | AX17: =IF('TERM 1'!S23="","",'TERM 1'!S23) | AY17: =IF('TERM 2'!S23="","",'TERM 2'!S23) | AZ17: =IF('TERM 3'!S23="","",'TERM 3'!S23) | BA17: =IF(COUNT(AX17:AZ17)<3,"",ROUND(AVERAGE(AX17:AZ17),0)) | BB17: =IF(BA17="","",IF(BA17>=75,"Passed","Failed")) | BC17: =IF('TERM 1'!Q23="","",'TERM 1'!Q23) | BD17: =IF('TERM 2'!Q23="","",'TERM 2'!Q23) | BE17: =IF('TERM 3'!Q23="","",'TERM 3'!Q23) | BF17: =IF(COUNT(BC17:BE17)<3,"",ROUND(AVERAGE(BC17:BE17),0)) | BG17: =IF(BF17="","",IF(BF17>=75,"Passed","Failed")) | BH17: =IF('TERM 1'!R23="","",'TERM 1'!R23) | BI17: =IF('TERM 2'!R23="","",'TERM 2'!R23) | BJ17: =IF('TERM 3'!R23="","",'TERM 3'!R23) | BK17: =IF(COUNT(BH17:BJ17)<3,"",ROUND(AVERAGE(BH17:BJ17),0)) | BL17: =IF(BK17="","",IF(BK17>=75,"Passed","Failed")) | BM17: =IF(COUNT(R17,W17,AB17,AG17,AL17,AQ17,AV17,BA17)<8,"",ROUND(AVERAGE(R17,W17,AB17,AG17,AL17,AQ17,AV17,BA17),0)) | BN17: =IF(BM17="","",IF(BM17>=75,"Passed","Failed"))
A18: =IF($K18="","",IF('INPUT DATA'!F5="","",'INPUT DATA'!F5)) | B18: =IF($K18="","",IF('INPUT DATA'!F6="","",'INPUT DATA'!F6)) | C18: =IF($K18="","",IF('INPUT DATA'!F8="","",'INPUT DATA'!F8)) | D18: =IF($K18="","",IF('INPUT DATA'!F7="","",'INPUT DATA'!F7)) | E18: =IF($K18="","",IF('INPUT DATA'!F11="","",'INPUT DATA'!F11)) | F18: =IF($K18="","",IF('INPUT DATA'!F13="","",'INPUT DATA'!F13)) | G18: =IF($K18="","",IF('INPUT DATA'!F21="","",'INPUT DATA'!F21)) | H18: =IF($K18="","",IF('INPUT DATA'!F22="","",'INPUT DATA'!F22)) | I18: =IF($K18="","",IF('INPUT DATA'!F23="","",'INPUT DATA'!F23)) | J18: =IF($K18="","",IF('INPUT DATA'!F14="","",'INPUT DATA'!F14)) | K18: =IF('INPUT DATA'!L22="","",'INPUT DATA'!L22) | L18: =IF('INPUT DATA'!M22="","",'INPUT DATA'!M22) | M18: =IF('TERM 1'!H24="","",'TERM 1'!H24) | N18: =IF(K18="","","M") | O18: =IF('TERM 1'!J24="","",'TERM 1'!J24) | P18: =IF('TERM 2'!J24="","",'TERM 2'!J24) | Q18: =IF('TERM 3'!J24="","",'TERM 3'!J24) | R18: =IF(COUNT(O18:Q18)<3,"",ROUND(AVERAGE(O18:Q18),0)) | S18: =IF(R18="","",IF(R18>=75,"Passed","Failed")) | T18: =IF('TERM 1'!K24="","",'TERM 1'!K24) | U18: =IF('TERM 2'!K24="","",'TERM 2'!K24) | V18: =IF('TERM 3'!K24="","",'TERM 3'!K24) | W18: =IF(COUNT(T18:V18)<3,"",ROUND(AVERAGE(T18:V18),0)) | X18: =IF(W18="","",IF(W18>=75,"Passed","Failed")) | Y18: =IF('TERM 1'!L24="","",'TERM 1'!L24) | Z18: =IF('TERM 2'!L24="","",'TERM 2'!L24) | AA18: =IF('TERM 3'!L24="","",'TERM 3'!L24) | AB18: =IF(COUNT(Y18:AA18)<3,"",ROUND(AVERAGE(Y18:AA18),0)) | AC18: =IF(AB18="","",IF(AB18>=75,"Passed","Failed")) | AD18: =IF('TERM 1'!M24="","",'TERM 1'!M24) | AE18: =IF('TERM 2'!M24="","",'TERM 2'!M24) | AF18: =IF('TERM 3'!M24="","",'TERM 3'!M24) | AG18: =IF(COUNT(AD18:AF18)<3,"",ROUND(AVERAGE(AD18:AF18),0)) | AH18: =IF(AG18="","",IF(AG18>=75,"Passed","Failed")) | AI18: =IF('TERM 1'!N24="","",'TERM 1'!N24) | AJ18: =IF('TERM 2'!N24="","",'TERM 2'!N24) | AK18: =IF('TERM 3'!N24="","",'TERM 3'!N24) | AL18: =IF(COUNT(AI18:AK18)<3,"",ROUND(AVERAGE(AI18:AK18),0)) | AM18: =IF(AL18="","",IF(AL18>=75,"Passed","Failed")) | AN18: =IF('TERM 1'!O24="","",'TERM 1'!O24) | AO18: =IF('TERM 2'!O24="","",'TERM 2'!O24) | AP18: =IF('TERM 3'!O24="","",'TERM 3'!O24) | AQ18: =IF(COUNT(AN18:AP18)<3,"",ROUND(AVERAGE(AN18:AP18),0)) | AR18: =IF(AQ18="","",IF(AQ18>=75,"Passed","Failed")) | AS18: =IF('TERM 1'!P24="","",'TERM 1'!P24) | AT18: =IF('TERM 2'!P24="","",'TERM 2'!P24) | AU18: =IF('TERM 3'!P24="","",'TERM 3'!P24) | AV18: =IF(COUNT(AS18:AU18)<3,"",ROUND(AVERAGE(AS18:AU18),0)) | AW18: =IF(AV18="","",IF(AV18>=75,"Passed","Failed")) | AX18: =IF('TERM 1'!S24="","",'TERM 1'!S24) | AY18: =IF('TERM 2'!S24="","",'TERM 2'!S24) | AZ18: =IF('TERM 3'!S24="","",'TERM 3'!S24) | BA18: =IF(COUNT(AX18:AZ18)<3,"",ROUND(AVERAGE(AX18:AZ18),0)) | BB18: =IF(BA18="","",IF(BA18>=75,"Passed","Failed")) | BC18: =IF('TERM 1'!Q24="","",'TERM 1'!Q24) | BD18: =IF('TERM 2'!Q24="","",'TERM 2'!Q24) | BE18: =IF('TERM 3'!Q24="","",'TERM 3'!Q24) | BF18: =IF(COUNT(BC18:BE18)<3,"",ROUND(AVERAGE(BC18:BE18),0)) | BG18: =IF(BF18="","",IF(BF18>=75,"Passed","Failed")) | BH18: =IF('TERM 1'!R24="","",'TERM 1'!R24) | BI18: =IF('TERM 2'!R24="","",'TERM 2'!R24) | BJ18: =IF('TERM 3'!R24="","",'TERM 3'!R24) | BK18: =IF(COUNT(BH18:BJ18)<3,"",ROUND(AVERAGE(BH18:BJ18),0)) | BL18: =IF(BK18="","",IF(BK18>=75,"Passed","Failed")) | BM18: =IF(COUNT(R18,W18,AB18,AG18,AL18,AQ18,AV18,BA18)<8,"",ROUND(AVERAGE(R18,W18,AB18,AG18,AL18,AQ18,AV18,BA18),0)) | BN18: =IF(BM18="","",IF(BM18>=75,"Passed","Failed"))
A19: =IF($K19="","",IF('INPUT DATA'!F5="","",'INPUT DATA'!F5)) | B19: =IF($K19="","",IF('INPUT DATA'!F6="","",'INPUT DATA'!F6)) | C19: =IF($K19="","",IF('INPUT DATA'!F8="","",'INPUT DATA'!F8)) | D19: =IF($K19="","",IF('INPUT DATA'!F7="","",'INPUT DATA'!F7)) | E19: =IF($K19="","",IF('INPUT DATA'!F11="","",'INPUT DATA'!F11)) | F19: =IF($K19="","",IF('INPUT DATA'!F13="","",'INPUT DATA'!F13)) | G19: =IF($K19="","",IF('INPUT DATA'!F21="","",'INPUT DATA'!F21)) | H19: =IF($K19="","",IF('INPUT DATA'!F22="","",'INPUT DATA'!F22)) | I19: =IF($K19="","",IF('INPUT DATA'!F23="","",'INPUT DATA'!F23)) | J19: =IF($K19="","",IF('INPUT DATA'!F14="","",'INPUT DATA'!F14)) | K19: =IF('INPUT DATA'!L23="","",'INPUT DATA'!L23) | L19: =IF('INPUT DATA'!M23="","",'INPUT DATA'!M23) | M19: =IF('TERM 1'!H25="","",'TERM 1'!H25) | N19: =IF(K19="","","M") | O19: =IF('TERM 1'!J25="","",'TERM 1'!J25) | P19: =IF('TERM 2'!J25="","",'TERM 2'!J25) | Q19: =IF('TERM 3'!J25="","",'TERM 3'!J25) | R19: =IF(COUNT(O19:Q19)<3,"",ROUND(AVERAGE(O19:Q19),0)) | S19: =IF(R19="","",IF(R19>=75,"Passed","Failed")) | T19: =IF('TERM 1'!K25="","",'TERM 1'!K25) | U19: =IF('TERM 2'!K25="","",'TERM 2'!K25) | V19: =IF('TERM 3'!K25="","",'TERM 3'!K25) | W19: =IF(COUNT(T19:V19)<3,"",ROUND(AVERAGE(T19:V19),0)) | X19: =IF(W19="","",IF(W19>=75,"Passed","Failed")) | Y19: =IF('TERM 1'!L25="","",'TERM 1'!L25) | Z19: =IF('TERM 2'!L25="","",'TERM 2'!L25) | AA19: =IF('TERM 3'!L25="","",'TERM 3'!L25) | AB19: =IF(COUNT(Y19:AA19)<3,"",ROUND(AVERAGE(Y19:AA19),0)) | AC19: =IF(AB19="","",IF(AB19>=75,"Passed","Failed")) | AD19: =IF('TERM 1'!M25="","",'TERM 1'!M25) | AE19: =IF('TERM 2'!M25="","",'TERM 2'!M25) | AF19: =IF('TERM 3'!M25="","",'TERM 3'!M25) | AG19: =IF(COUNT(AD19:AF19)<3,"",ROUND(AVERAGE(AD19:AF19),0)) | AH19: =IF(AG19="","",IF(AG19>=75,"Passed","Failed")) | AI19: =IF('TERM 1'!N25="","",'TERM 1'!N25) | AJ19: =IF('TERM 2'!N25="","",'TERM 2'!N25) | AK19: =IF('TERM 3'!N25="","",'TERM 3'!N25) | AL19: =IF(COUNT(AI19:AK19)<3,"",ROUND(AVERAGE(AI19:AK19),0)) | AM19: =IF(AL19="","",IF(AL19>=75,"Passed","Failed")) | AN19: =IF('TERM 1'!O25="","",'TERM 1'!O25) | AO19: =IF('TERM 2'!O25="","",'TERM 2'!O25) | AP19: =IF('TERM 3'!O25="","",'TERM 3'!O25) | AQ19: =IF(COUNT(AN19:AP19)<3,"",ROUND(AVERAGE(AN19:AP19),0)) | AR19: =IF(AQ19="","",IF(AQ19>=75,"Passed","Failed")) | AS19: =IF('TERM 1'!P25="","",'TERM 1'!P25) | AT19: =IF('TERM 2'!P25="","",'TERM 2'!P25) | AU19: =IF('TERM 3'!P25="","",'TERM 3'!P25) | AV19: =IF(COUNT(AS19:AU19)<3,"",ROUND(AVERAGE(AS19:AU19),0)) | AW19: =IF(AV19="","",IF(AV19>=75,"Passed","Failed")) | AX19: =IF('TERM 1'!S25="","",'TERM 1'!S25) | AY19: =IF('TERM 2'!S25="","",'TERM 2'!S25) | AZ19: =IF('TERM 3'!S25="","",'TERM 3'!S25) | BA19: =IF(COUNT(AX19:AZ19)<3,"",ROUND(AVERAGE(AX19:AZ19),0)) | BB19: =IF(BA19="","",IF(BA19>=75,"Passed","Failed")) | BC19: =IF('TERM 1'!Q25="","",'TERM 1'!Q25) | BD19: =IF('TERM 2'!Q25="","",'TERM 2'!Q25) | BE19: =IF('TERM 3'!Q25="","",'TERM 3'!Q25) | BF19: =IF(COUNT(BC19:BE19)<3,"",ROUND(AVERAGE(BC19:BE19),0)) | BG19: =IF(BF19="","",IF(BF19>=75,"Passed","Failed")) | BH19: =IF('TERM 1'!R25="","",'TERM 1'!R25) | BI19: =IF('TERM 2'!R25="","",'TERM 2'!R25) | BJ19: =IF('TERM 3'!R25="","",'TERM 3'!R25) | BK19: =IF(COUNT(BH19:BJ19)<3,"",ROUND(AVERAGE(BH19:BJ19),0)) | BL19: =IF(BK19="","",IF(BK19>=75,"Passed","Failed")) | BM19: =IF(COUNT(R19,W19,AB19,AG19,AL19,AQ19,AV19,BA19)<8,"",ROUND(AVERAGE(R19,W19,AB19,AG19,AL19,AQ19,AV19,BA19),0)) | BN19: =IF(BM19="","",IF(BM19>=75,"Passed","Failed"))
A20: =IF($K20="","",IF('INPUT DATA'!F5="","",'INPUT DATA'!F5)) | B20: =IF($K20="","",IF('INPUT DATA'!F6="","",'INPUT DATA'!F6)) | C20: =IF($K20="","",IF('INPUT DATA'!F8="","",'INPUT DATA'!F8)) | D20: =IF($K20="","",IF('INPUT DATA'!F7="","",'INPUT DATA'!F7)) | E20: =IF($K20="","",IF('INPUT DATA'!F11="","",'INPUT DATA'!F11)) | F20: =IF($K20="","",IF('INPUT DATA'!F13="","",'INPUT DATA'!F13)) | G20: =IF($K20="","",IF('INPUT DATA'!F21="","",'INPUT DATA'!F21)) | H20: =IF($K20="","",IF('INPUT DATA'!F22="","",'INPUT DATA'!F22)) | I20: =IF($K20="","",IF('INPUT DATA'!F23="","",'INPUT DATA'!F23)) | J20: =IF($K20="","",IF('INPUT DATA'!F14="","",'INPUT DATA'!F14)) | K20: =IF('INPUT DATA'!L24="","",'INPUT DATA'!L24) | L20: =IF('INPUT DATA'!M24="","",'INPUT DATA'!M24) | M20: =IF('TERM 1'!H26="","",'TERM 1'!H26) | N20: =IF(K20="","","M") | O20: =IF('TERM 1'!J26="","",'TERM 1'!J26) | P20: =IF('TERM 2'!J26="","",'TERM 2'!J26) | Q20: =IF('TERM 3'!J26="","",'TERM 3'!J26) | R20: =IF(COUNT(O20:Q20)<3,"",ROUND(AVERAGE(O20:Q20),0)) | S20: =IF(R20="","",IF(R20>=75,"Passed","Failed")) | T20: =IF('TERM 1'!K26="","",'TERM 1'!K26) | U20: =IF('TERM 2'!K26="","",'TERM 2'!K26) | V20: =IF('TERM 3'!K26="","",'TERM 3'!K26) | W20: =IF(COUNT(T20:V20)<3,"",ROUND(AVERAGE(T20:V20),0)) | X20: =IF(W20="","",IF(W20>=75,"Passed","Failed")) | Y20: =IF('TERM 1'!L26="","",'TERM 1'!L26) | Z20: =IF('TERM 2'!L26="","",'TERM 2'!L26) | AA20: =IF('TERM 3'!L26="","",'TERM 3'!L26) | AB20: =IF(COUNT(Y20:AA20)<3,"",ROUND(AVERAGE(Y20:AA20),0)) | AC20: =IF(AB20="","",IF(AB20>=75,"Passed","Failed")) | AD20: =IF('TERM 1'!M26="","",'TERM 1'!M26) | AE20: =IF('TERM 2'!M26="","",'TERM 2'!M26) | AF20: =IF('TERM 3'!M26="","",'TERM 3'!M26) | AG20: =IF(COUNT(AD20:AF20)<3,"",ROUND(AVERAGE(AD20:AF20),0)) | AH20: =IF(AG20="","",IF(AG20>=75,"Passed","Failed")) | AI20: =IF('TERM 1'!N26="","",'TERM 1'!N26) | AJ20: =IF('TERM 2'!N26="","",'TERM 2'!N26) | AK20: =IF('TERM 3'!N26="","",'TERM 3'!N26) | AL20: =IF(COUNT(AI20:AK20)<3,"",ROUND(AVERAGE(AI20:AK20),0)) | AM20: =IF(AL20="","",IF(AL20>=75,"Passed","Failed")) | AN20: =IF('TERM 1'!O26="","",'TERM 1'!O26) | AO20: =IF('TERM 2'!O26="","",'TERM 2'!O26) | AP20: =IF('TERM 3'!O26="","",'TERM 3'!O26) | AQ20: =IF(COUNT(AN20:AP20)<3,"",ROUND(AVERAGE(AN20:AP20),0)) | AR20: =IF(AQ20="","",IF(AQ20>=75,"Passed","Failed")) | AS20: =IF('TERM 1'!P26="","",'TERM 1'!P26) | AT20: =IF('TERM 2'!P26="","",'TERM 2'!P26) | AU20: =IF('TERM 3'!P26="","",'TERM 3'!P26) | AV20: =IF(COUNT(AS20:AU20)<3,"",ROUND(AVERAGE(AS20:AU20),0)) | AW20: =IF(AV20="","",IF(AV20>=75,"Passed","Failed")) | AX20: =IF('TERM 1'!S26="","",'TERM 1'!S26) | AY20: =IF('TERM 2'!S26="","",'TERM 2'!S26) | AZ20: =IF('TERM 3'!S26="","",'TERM 3'!S26) | BA20: =IF(COUNT(AX20:AZ20)<3,"",ROUND(AVERAGE(AX20:AZ20),0)) | BB20: =IF(BA20="","",IF(BA20>=75,"Passed","Failed")) | BC20: =IF('TERM 1'!Q26="","",'TERM 1'!Q26) | BD20: =IF('TERM 2'!Q26="","",'TERM 2'!Q26) | BE20: =IF('TERM 3'!Q26="","",'TERM 3'!Q26) | BF20: =IF(COUNT(BC20:BE20)<3,"",ROUND(AVERAGE(BC20:BE20),0)) | BG20: =IF(BF20="","",IF(BF20>=75,"Passed","Failed")) | BH20: =IF('TERM 1'!R26="","",'TERM 1'!R26) | BI20: =IF('TERM 2'!R26="","",'TERM 2'!R26) | BJ20: =IF('TERM 3'!R26="","",'TERM 3'!R26) | BK20: =IF(COUNT(BH20:BJ20)<3,"",ROUND(AVERAGE(BH20:BJ20),0)) | BL20: =IF(BK20="","",IF(BK20>=75,"Passed","Failed")) | BM20: =IF(COUNT(R20,W20,AB20,AG20,AL20,AQ20,AV20,BA20)<8,"",ROUND(AVERAGE(R20,W20,AB20,AG20,AL20,AQ20,AV20,BA20),0)) | BN20: =IF(BM20="","",IF(BM20>=75,"Passed","Failed"))
A21: =IF($K21="","",IF('INPUT DATA'!F5="","",'INPUT DATA'!F5)) | B21: =IF($K21="","",IF('INPUT DATA'!F6="","",'INPUT DATA'!F6)) | C21: =IF($K21="","",IF('INPUT DATA'!F8="","",'INPUT DATA'!F8)) | D21: =IF($K21="","",IF('INPUT DATA'!F7="","",'INPUT DATA'!F7)) | E21: =IF($K21="","",IF('INPUT DATA'!F11="","",'INPUT DATA'!F11)) | F21: =IF($K21="","",IF('INPUT DATA'!F13="","",'INPUT DATA'!F13)) | G21: =IF($K21="","",IF('INPUT DATA'!F21="","",'INPUT DATA'!F21)) | H21: =IF($K21="","",IF('INPUT DATA'!F22="","",'INPUT DATA'!F22)) | I21: =IF($K21="","",IF('INPUT DATA'!F23="","",'INPUT DATA'!F23)) | J21: =IF($K21="","",IF('INPUT DATA'!F14="","",'INPUT DATA'!F14)) | K21: =IF('INPUT DATA'!L25="","",'INPUT DATA'!L25) | L21: =IF('INPUT DATA'!M25="","",'INPUT DATA'!M25) | M21: =IF('TERM 1'!H27="","",'TERM 1'!H27) | N21: =IF(K21="","","M") | O21: =IF('TERM 1'!J27="","",'TERM 1'!J27) | P21: =IF('TERM 2'!J27="","",'TERM 2'!J27) | Q21: =IF('TERM 3'!J27="","",'TERM 3'!J27) | R21: =IF(COUNT(O21:Q21)<3,"",ROUND(AVERAGE(O21:Q21),0)) | S21: =IF(R21="","",IF(R21>=75,"Passed","Failed")) | T21: =IF('TERM 1'!K27="","",'TERM 1'!K27) | U21: =IF('TERM 2'!K27="","",'TERM 2'!K27) | V21: =IF('TERM 3'!K27="","",'TERM 3'!K27) | W21: =IF(COUNT(T21:V21)<3,"",ROUND(AVERAGE(T21:V21),0)) | X21: =IF(W21="","",IF(W21>=75,"Passed","Failed")) | Y21: =IF('TERM 1'!L27="","",'TERM 1'!L27) | Z21: =IF('TERM 2'!L27="","",'TERM 2'!L27) | AA21: =IF('TERM 3'!L27="","",'TERM 3'!L27) | AB21: =IF(COUNT(Y21:AA21)<3,"",ROUND(AVERAGE(Y21:AA21),0)) | AC21: =IF(AB21="","",IF(AB21>=75,"Passed","Failed")) | AD21: =IF('TERM 1'!M27="","",'TERM 1'!M27) | AE21: =IF('TERM 2'!M27="","",'TERM 2'!M27) | AF21: =IF('TERM 3'!M27="","",'TERM 3'!M27) | AG21: =IF(COUNT(AD21:AF21)<3,"",ROUND(AVERAGE(AD21:AF21),0)) | AH21: =IF(AG21="","",IF(AG21>=75,"Passed","Failed")) | AI21: =IF('TERM 1'!N27="","",'TERM 1'!N27) | AJ21: =IF('TERM 2'!N27="","",'TERM 2'!N27) | AK21: =IF('TERM 3'!N27="","",'TERM 3'!N27) | AL21: =IF(COUNT(AI21:AK21)<3,"",ROUND(AVERAGE(AI21:AK21),0)) | AM21: =IF(AL21="","",IF(AL21>=75,"Passed","Failed")) | AN21: =IF('TERM 1'!O27="","",'TERM 1'!O27) | AO21: =IF('TERM 2'!O27="","",'TERM 2'!O27) | AP21: =IF('TERM 3'!O27="","",'TERM 3'!O27) | AQ21: =IF(COUNT(AN21:AP21)<3,"",ROUND(AVERAGE(AN21:AP21),0)) | AR21: =IF(AQ21="","",IF(AQ21>=75,"Passed","Failed")) | AS21: =IF('TERM 1'!P27="","",'TERM 1'!P27) | AT21: =IF('TERM 2'!P27="","",'TERM 2'!P27) | AU21: =IF('TERM 3'!P27="","",'TERM 3'!P27) | AV21: =IF(COUNT(AS21:AU21)<3,"",ROUND(AVERAGE(AS21:AU21),0)) | AW21: =IF(AV21="","",IF(AV21>=75,"Passed","Failed")) | AX21: =IF('TERM 1'!S27="","",'TERM 1'!S27) | AY21: =IF('TERM 2'!S27="","",'TERM 2'!S27) | AZ21: =IF('TERM 3'!S27="","",'TERM 3'!S27) | BA21: =IF(COUNT(AX21:AZ21)<3,"",ROUND(AVERAGE(AX21:AZ21),0)) | BB21: =IF(BA21="","",IF(BA21>=75,"Passed","Failed")) | BC21: =IF('TERM 1'!Q27="","",'TERM 1'!Q27) | BD21: =IF('TERM 2'!Q27="","",'TERM 2'!Q27) | BE21: =IF('TERM 3'!Q27="","",'TERM 3'!Q27) | BF21: =IF(COUNT(BC21:BE21)<3,"",ROUND(AVERAGE(BC21:BE21),0)) | BG21: =IF(BF21="","",IF(BF21>=75,"Passed","Failed")) | BH21: =IF('TERM 1'!R27="","",'TERM 1'!R27) | BI21: =IF('TERM 2'!R27="","",'TERM 2'!R27) | BJ21: =IF('TERM 3'!R27="","",'TERM 3'!R27) | BK21: =IF(COUNT(BH21:BJ21)<3,"",ROUND(AVERAGE(BH21:BJ21),0)) | BL21: =IF(BK21="","",IF(BK21>=75,"Passed","Failed")) | BM21: =IF(COUNT(R21,W21,AB21,AG21,AL21,AQ21,AV21,BA21)<8,"",ROUND(AVERAGE(R21,W21,AB21,AG21,AL21,AQ21,AV21,BA21),0)) | BN21: =IF(BM21="","",IF(BM21>=75,"Passed","Failed"))
A22: =IF($K22="","",IF('INPUT DATA'!F5="","",'INPUT DATA'!F5)) | B22: =IF($K22="","",IF('INPUT DATA'!F6="","",'INPUT DATA'!F6)) | C22: =IF($K22="","",IF('INPUT DATA'!F8="","",'INPUT DATA'!F8)) | D22: =IF($K22="","",IF('INPUT DATA'!F7="","",'INPUT DATA'!F7)) | E22: =IF($K22="","",IF('INPUT DATA'!F11="","",'INPUT DATA'!F11)) | F22: =IF($K22="","",IF('INPUT DATA'!F13="","",'INPUT DATA'!F13)) | G22: =IF($K22="","",IF('INPUT DATA'!F21="","",'INPUT DATA'!F21)) | H22: =IF($K22="","",IF('INPUT DATA'!F22="","",'INPUT DATA'!F22)) | I22: =IF($K22="","",IF('INPUT DATA'!F23="","",'INPUT DATA'!F23)) | J22: =IF($K22="","",IF('INPUT DATA'!F14="","",'INPUT DATA'!F14)) | K22: =IF('INPUT DATA'!L26="","",'INPUT DATA'!L26) | L22: =IF('INPUT DATA'!M26="","",'INPUT DATA'!M26) | M22: =IF('TERM 1'!H28="","",'TERM 1'!H28) | N22: =IF(K22="","","M") | O22: =IF('TERM 1'!J28="","",'TERM 1'!J28) | P22: =IF('TERM 2'!J28="","",'TERM 2'!J28) | Q22: =IF('TERM 3'!J28="","",'TERM 3'!J28) | R22: =IF(COUNT(O22:Q22)<3,"",ROUND(AVERAGE(O22:Q22),0)) | S22: =IF(R22="","",IF(R22>=75,"Passed","Failed")) | T22: =IF('TERM 1'!K28="","",'TERM 1'!K28) | U22: =IF('TERM 2'!K28="","",'TERM 2'!K28) | V22: =IF('TERM 3'!K28="","",'TERM 3'!K28) | W22: =IF(COUNT(T22:V22)<3,"",ROUND(AVERAGE(T22:V22),0)) | X22: =IF(W22="","",IF(W22>=75,"Passed","Failed")) | Y22: =IF('TERM 1'!L28="","",'TERM 1'!L28) | Z22: =IF('TERM 2'!L28="","",'TERM 2'!L28) | AA22: =IF('TERM 3'!L28="","",'TERM 3'!L28) | AB22: =IF(COUNT(Y22:AA22)<3,"",ROUND(AVERAGE(Y22:AA22),0)) | AC22: =IF(AB22="","",IF(AB22>=75,"Passed","Failed")) | AD22: =IF('TERM 1'!M28="","",'TERM 1'!M28) | AE22: =IF('TERM 2'!M28="","",'TERM 2'!M28) | AF22: =IF('TERM 3'!M28="","",'TERM 3'!M28) | AG22: =IF(COUNT(AD22:AF22)<3,"",ROUND(AVERAGE(AD22:AF22),0)) | AH22: =IF(AG22="","",IF(AG22>=75,"Passed","Failed")) | AI22: =IF('TERM 1'!N28="","",'TERM 1'!N28) | AJ22: =IF('TERM 2'!N28="","",'TERM 2'!N28) | AK22: =IF('TERM 3'!N28="","",'TERM 3'!N28) | AL22: =IF(COUNT(AI22:AK22)<3,"",ROUND(AVERAGE(AI22:AK22),0)) | AM22: =IF(AL22="","",IF(AL22>=75,"Passed","Failed")) | AN22: =IF('TERM 1'!O28="","",'TERM 1'!O28) | AO22: =IF('TERM 2'!O28="","",'TERM 2'!O28) | AP22: =IF('TERM 3'!O28="","",'TERM 3'!O28) | AQ22: =IF(COUNT(AN22:AP22)<3,"",ROUND(AVERAGE(AN22:AP22),0)) | AR22: =IF(AQ22="","",IF(AQ22>=75,"Passed","Failed")) | AS22: =IF('TERM 1'!P28="","",'TERM 1'!P28) | AT22: =IF('TERM 2'!P28="","",'TERM 2'!P28) | AU22: =IF('TERM 3'!P28="","",'TERM 3'!P28) | AV22: =IF(COUNT(AS22:AU22)<3,"",ROUND(AVERAGE(AS22:AU22),0)) | AW22: =IF(AV22="","",IF(AV22>=75,"Passed","Failed")) | AX22: =IF('TERM 1'!S28="","",'TERM 1'!S28) | AY22: =IF('TERM 2'!S28="","",'TERM 2'!S28) | AZ22: =IF('TERM 3'!S28="","",'TERM 3'!S28) | BA22: =IF(COUNT(AX22:AZ22)<3,"",ROUND(AVERAGE(AX22:AZ22),0)) | BB22: =IF(BA22="","",IF(BA22>=75,"Passed","Failed")) | BC22: =IF('TERM 1'!Q28="","",'TERM 1'!Q28) | BD22: =IF('TERM 2'!Q28="","",'TERM 2'!Q28) | BE22: =IF('TERM 3'!Q28="","",'TERM 3'!Q28) | BF22: =IF(COUNT(BC22:BE22)<3,"",ROUND(AVERAGE(BC22:BE22),0)) | BG22: =IF(BF22="","",IF(BF22>=75,"Passed","Failed")) | BH22: =IF('TERM 1'!R28="","",'TERM 1'!R28) | BI22: =IF('TERM 2'!R28="","",'TERM 2'!R28) | BJ22: =IF('TERM 3'!R28="","",'TERM 3'!R28) | BK22: =IF(COUNT(BH22:BJ22)<3,"",ROUND(AVERAGE(BH22:BJ22),0)) | BL22: =IF(BK22="","",IF(BK22>=75,"Passed","Failed")) | BM22: =IF(COUNT(R22,W22,AB22,AG22,AL22,AQ22,AV22,BA22)<8,"",ROUND(AVERAGE(R22,W22,AB22,AG22,AL22,AQ22,AV22,BA22),0)) | BN22: =IF(BM22="","",IF(BM22>=75,"Passed","Failed"))
A23: =IF($K23="","",IF('INPUT DATA'!F5="","",'INPUT DATA'!F5)) | B23: =IF($K23="","",IF('INPUT DATA'!F6="","",'INPUT DATA'!F6)) | C23: =IF($K23="","",IF('INPUT DATA'!F8="","",'INPUT DATA'!F8)) | D23: =IF($K23="","",IF('INPUT DATA'!F7="","",'INPUT DATA'!F7)) | E23: =IF($K23="","",IF('INPUT DATA'!F11="","",'INPUT DATA'!F11)) | F23: =IF($K23="","",IF('INPUT DATA'!F13="","",'INPUT DATA'!F13)) | G23: =IF($K23="","",IF('INPUT DATA'!F21="","",'INPUT DATA'!F21)) | H23: =IF($K23="","",IF('INPUT DATA'!F22="","",'INPUT DATA'!F22)) | I23: =IF($K23="","",IF('INPUT DATA'!F23="","",'INPUT DATA'!F23)) | J23: =IF($K23="","",IF('INPUT DATA'!F14="","",'INPUT DATA'!F14)) | K23: =IF('INPUT DATA'!L27="","",'INPUT DATA'!L27) | L23: =IF('INPUT DATA'!M27="","",'INPUT DATA'!M27) | M23: =IF('TERM 1'!H29="","",'TERM 1'!H29) | N23: =IF(K23="","","M") | O23: =IF('TERM 1'!J29="","",'TERM 1'!J29) | P23: =IF('TERM 2'!J29="","",'TERM 2'!J29) | Q23: =IF('TERM 3'!J29="","",'TERM 3'!J29) | R23: =IF(COUNT(O23:Q23)<3,"",ROUND(AVERAGE(O23:Q23),0)) | S23: =IF(R23="","",IF(R23>=75,"Passed","Failed")) | T23: =IF('TERM 1'!K29="","",'TERM 1'!K29) | U23: =IF('TERM 2'!K29="","",'TERM 2'!K29) | V23: =IF('TERM 3'!K29="","",'TERM 3'!K29) | W23: =IF(COUNT(T23:V23)<3,"",ROUND(AVERAGE(T23:V23),0)) | X23: =IF(W23="","",IF(W23>=75,"Passed","Failed")) | Y23: =IF('TERM 1'!L29="","",'TERM 1'!L29) | Z23: =IF('TERM 2'!L29="","",'TERM 2'!L29) | AA23: =IF('TERM 3'!L29="","",'TERM 3'!L29) | AB23: =IF(COUNT(Y23:AA23)<3,"",ROUND(AVERAGE(Y23:AA23),0)) | AC23: =IF(AB23="","",IF(AB23>=75,"Passed","Failed")) | AD23: =IF('TERM 1'!M29="","",'TERM 1'!M29) | AE23: =IF('TERM 2'!M29="","",'TERM 2'!M29) | AF23: =IF('TERM 3'!M29="","",'TERM 3'!M29) | AG23: =IF(COUNT(AD23:AF23)<3,"",ROUND(AVERAGE(AD23:AF23),0)) | AH23: =IF(AG23="","",IF(AG23>=75,"Passed","Failed")) | AI23: =IF('TERM 1'!N29="","",'TERM 1'!N29) | AJ23: =IF('TERM 2'!N29="","",'TERM 2'!N29) | AK23: =IF('TERM 3'!N29="","",'TERM 3'!N29) | AL23: =IF(COUNT(AI23:AK23)<3,"",ROUND(AVERAGE(AI23:AK23),0)) | AM23: =IF(AL23="","",IF(AL23>=75,"Passed","Failed")) | AN23: =IF('TERM 1'!O29="","",'TERM 1'!O29) | AO23: =IF('TERM 2'!O29="","",'TERM 2'!O29) | AP23: =IF('TERM 3'!O29="","",'TERM 3'!O29) | AQ23: =IF(COUNT(AN23:AP23)<3,"",ROUND(AVERAGE(AN23:AP23),0)) | AR23: =IF(AQ23="","",IF(AQ23>=75,"Passed","Failed")) | AS23: =IF('TERM 1'!P29="","",'TERM 1'!P29) | AT23: =IF('TERM 2'!P29="","",'TERM 2'!P29) | AU23: =IF('TERM 3'!P29="","",'TERM 3'!P29) | AV23: =IF(COUNT(AS23:AU23)<3,"",ROUND(AVERAGE(AS23:AU23),0)) | AW23: =IF(AV23="","",IF(AV23>=75,"Passed","Failed")) | AX23: =IF('TERM 1'!S29="","",'TERM 1'!S29) | AY23: =IF('TERM 2'!S29="","",'TERM 2'!S29) | AZ23: =IF('TERM 3'!S29="","",'TERM 3'!S29) | BA23: =IF(COUNT(AX23:AZ23)<3,"",ROUND(AVERAGE(AX23:AZ23),0)) | BB23: =IF(BA23="","",IF(BA23>=75,"Passed","Failed")) | BC23: =IF('TERM 1'!Q29="","",'TERM 1'!Q29) | BD23: =IF('TERM 2'!Q29="","",'TERM 2'!Q29) | BE23: =IF('TERM 3'!Q29="","",'TERM 3'!Q29) | BF23: =IF(COUNT(BC23:BE23)<3,"",ROUND(AVERAGE(BC23:BE23),0)) | BG23: =IF(BF23="","",IF(BF23>=75,"Passed","Failed")) | BH23: =IF('TERM 1'!R29="","",'TERM 1'!R29) | BI23: =IF('TERM 2'!R29="","",'TERM 2'!R29) | BJ23: =IF('TERM 3'!R29="","",'TERM 3'!R29) | BK23: =IF(COUNT(BH23:BJ23)<3,"",ROUND(AVERAGE(BH23:BJ23),0)) | BL23: =IF(BK23="","",IF(BK23>=75,"Passed","Failed")) | BM23: =IF(COUNT(R23,W23,AB23,AG23,AL23,AQ23,AV23,BA23)<8,"",ROUND(AVERAGE(R23,W23,AB23,AG23,AL23,AQ23,AV23,BA23),0)) | BN23: =IF(BM23="","",IF(BM23>=75,"Passed","Failed"))
A24: =IF($K24="","",IF('INPUT DATA'!F5="","",'INPUT DATA'!F5)) | B24: =IF($K24="","",IF('INPUT DATA'!F6="","",'INPUT DATA'!F6)) | C24: =IF($K24="","",IF('INPUT DATA'!F8="","",'INPUT DATA'!F8)) | D24: =IF($K24="","",IF('INPUT DATA'!F7="","",'INPUT DATA'!F7)) | E24: =IF($K24="","",IF('INPUT DATA'!F11="","",'INPUT DATA'!F11)) | F24: =IF($K24="","",IF('INPUT DATA'!F13="","",'INPUT DATA'!F13)) | G24: =IF($K24="","",IF('INPUT DATA'!F21="","",'INPUT DATA'!F21)) | H24: =IF($K24="","",IF('INPUT DATA'!F22="","",'INPUT DATA'!F22)) | I24: =IF($K24="","",IF('INPUT DATA'!F23="","",'INPUT DATA'!F23)) | J24: =IF($K24="","",IF('INPUT DATA'!F14="","",'INPUT DATA'!F14)) | K24: =IF('INPUT DATA'!L28="","",'INPUT DATA'!L28) | L24: =IF('INPUT DATA'!M28="","",'INPUT DATA'!M28) | M24: =IF('TERM 1'!H30="","",'TERM 1'!H30) | N24: =IF(K24="","","M") | O24: =IF('TERM 1'!J30="","",'TERM 1'!J30) | P24: =IF('TERM 2'!J30="","",'TERM 2'!J30) | Q24: =IF('TERM 3'!J30="","",'TERM 3'!J30) | R24: =IF(COUNT(O24:Q24)<3,"",ROUND(AVERAGE(O24:Q24),0)) | S24: =IF(R24="","",IF(R24>=75,"Passed","Failed")) | T24: =IF('TERM 1'!K30="","",'TERM 1'!K30) | U24: =IF('TERM 2'!K30="","",'TERM 2'!K30) | V24: =IF('TERM 3'!K30="","",'TERM 3'!K30) | W24: =IF(COUNT(T24:V24)<3,"",ROUND(AVERAGE(T24:V24),0)) | X24: =IF(W24="","",IF(W24>=75,"Passed","Failed")) | Y24: =IF('TERM 1'!L30="","",'TERM 1'!L30) | Z24: =IF('TERM 2'!L30="","",'TERM 2'!L30) | AA24: =IF('TERM 3'!L30="","",'TERM 3'!L30) | AB24: =IF(COUNT(Y24:AA24)<3,"",ROUND(AVERAGE(Y24:AA24),0)) | AC24: =IF(AB24="","",IF(AB24>=75,"Passed","Failed")) | AD24: =IF('TERM 1'!M30="","",'TERM 1'!M30) | AE24: =IF('TERM 2'!M30="","",'TERM 2'!M30) | AF24: =IF('TERM 3'!M30="","",'TERM 3'!M30) | AG24: =IF(COUNT(AD24:AF24)<3,"",ROUND(AVERAGE(AD24:AF24),0)) | AH24: =IF(AG24="","",IF(AG24>=75,"Passed","Failed")) | AI24: =IF('TERM 1'!N30="","",'TERM 1'!N30) | AJ24: =IF('TERM 2'!N30="","",'TERM 2'!N30) | AK24: =IF('TERM 3'!N30="","",'TERM 3'!N30) | AL24: =IF(COUNT(AI24:AK24)<3,"",ROUND(AVERAGE(AI24:AK24),0)) | AM24: =IF(AL24="","",IF(AL24>=75,"Passed","Failed")) | AN24: =IF('TERM 1'!O30="","",'TERM 1'!O30) | AO24: =IF('TERM 2'!O30="","",'TERM 2'!O30) | AP24: =IF('TERM 3'!O30="","",'TERM 3'!O30) | AQ24: =IF(COUNT(AN24:AP24)<3,"",ROUND(AVERAGE(AN24:AP24),0)) | AR24: =IF(AQ24="","",IF(AQ24>=75,"Passed","Failed")) | AS24: =IF('TERM 1'!P30="","",'TERM 1'!P30) | AT24: =IF('TERM 2'!P30="","",'TERM 2'!P30) | AU24: =IF('TERM 3'!P30="","",'TERM 3'!P30) | AV24: =IF(COUNT(AS24:AU24)<3,"",ROUND(AVERAGE(AS24:AU24),0)) | AW24: =IF(AV24="","",IF(AV24>=75,"Passed","Failed")) | AX24: =IF('TERM 1'!S30="","",'TERM 1'!S30) | AY24: =IF('TERM 2'!S30="","",'TERM 2'!S30) | AZ24: =IF('TERM 3'!S30="","",'TERM 3'!S30) | BA24: =IF(COUNT(AX24:AZ24)<3,"",ROUND(AVERAGE(AX24:AZ24),0)) | BB24: =IF(BA24="","",IF(BA24>=75,"Passed","Failed")) | BC24: =IF('TERM 1'!Q30="","",'TERM 1'!Q30) | BD24: =IF('TERM 2'!Q30="","",'TERM 2'!Q30) | BE24: =IF('TERM 3'!Q30="","",'TERM 3'!Q30) | BF24: =IF(COUNT(BC24:BE24)<3,"",ROUND(AVERAGE(BC24:BE24),0)) | BG24: =IF(BF24="","",IF(BF24>=75,"Passed","Failed")) | BH24: =IF('TERM 1'!R30="","",'TERM 1'!R30) | BI24: =IF('TERM 2'!R30="","",'TERM 2'!R30) | BJ24: =IF('TERM 3'!R30="","",'TERM 3'!R30) | BK24: =IF(COUNT(BH24:BJ24)<3,"",ROUND(AVERAGE(BH24:BJ24),0)) | BL24: =IF(BK24="","",IF(BK24>=75,"Passed","Failed")) | BM24: =IF(COUNT(R24,W24,AB24,AG24,AL24,AQ24,AV24,BA24)<8,"",ROUND(AVERAGE(R24,W24,AB24,AG24,AL24,AQ24,AV24,BA24),0)) | BN24: =IF(BM24="","",IF(BM24>=75,"Passed","Failed"))
A25: =IF($K25="","",IF('INPUT DATA'!F5="","",'INPUT DATA'!F5)) | B25: =IF($K25="","",IF('INPUT DATA'!F6="","",'INPUT DATA'!F6)) | C25: =IF($K25="","",IF('INPUT DATA'!F8="","",'INPUT DATA'!F8)) | D25: =IF($K25="","",IF('INPUT DATA'!F7="","",'INPUT DATA'!F7)) | E25: =IF($K25="","",IF('INPUT DATA'!F11="","",'INPUT DATA'!F11)) | F25: =IF($K25="","",IF('INPUT DATA'!F13="","",'INPUT DATA'!F13)) | G25: =IF($K25="","",IF('INPUT DATA'!F21="","",'INPUT DATA'!F21)) | H25: =IF($K25="","",IF('INPUT DATA'!F22="","",'INPUT DATA'!F22)) | I25: =IF($K25="","",IF('INPUT DATA'!F23="","",'INPUT DATA'!F23)) | J25: =IF($K25="","",IF('INPUT DATA'!F14="","",'INPUT DATA'!F14)) | K25: =IF('INPUT DATA'!L29="","",'INPUT DATA'!L29) | L25: =IF('INPUT DATA'!M29="","",'INPUT DATA'!M29) | M25: =IF('TERM 1'!H31="","",'TERM 1'!H31) | N25: =IF(K25="","","M") | O25: =IF('TERM 1'!J31="","",'TERM 1'!J31) | P25: =IF('TERM 2'!J31="","",'TERM 2'!J31) | Q25: =IF('TERM 3'!J31="","",'TERM 3'!J31) | R25: =IF(COUNT(O25:Q25)<3,"",ROUND(AVERAGE(O25:Q25),0)) | S25: =IF(R25="","",IF(R25>=75,"Passed","Failed")) | T25: =IF('TERM 1'!K31="","",'TERM 1'!K31) | U25: =IF('TERM 2'!K31="","",'TERM 2'!K31) | V25: =IF('TERM 3'!K31="","",'TERM 3'!K31) | W25: =IF(COUNT(T25:V25)<3,"",ROUND(AVERAGE(T25:V25),0)) | X25: =IF(W25="","",IF(W25>=75,"Passed","Failed")) | Y25: =IF('TERM 1'!L31="","",'TERM 1'!L31) | Z25: =IF('TERM 2'!L31="","",'TERM 2'!L31) | AA25: =IF('TERM 3'!L31="","",'TERM 3'!L31) | AB25: =IF(COUNT(Y25:AA25)<3,"",ROUND(AVERAGE(Y25:AA25),0)) | AC25: =IF(AB25="","",IF(AB25>=75,"Passed","Failed")) | AD25: =IF('TERM 1'!M31="","",'TERM 1'!M31) | AE25: =IF('TERM 2'!M31="","",'TERM 2'!M31) | AF25: =IF('TERM 3'!M31="","",'TERM 3'!M31) | AG25: =IF(COUNT(AD25:AF25)<3,"",ROUND(AVERAGE(AD25:AF25),0)) | AH25: =IF(AG25="","",IF(AG25>=75,"Passed","Failed")) | AI25: =IF('TERM 1'!N31="","",'TERM 1'!N31) | AJ25: =IF('TERM 2'!N31="","",'TERM 2'!N31) | AK25: =IF('TERM 3'!N31="","",'TERM 3'!N31) | AL25: =IF(COUNT(AI25:AK25)<3,"",ROUND(AVERAGE(AI25:AK25),0)) | AM25: =IF(AL25="","",IF(AL25>=75,"Passed","Failed")) | AN25: =IF('TERM 1'!O31="","",'TERM 1'!O31) | AO25: =IF('TERM 2'!O31="","",'TERM 2'!O31) | AP25: =IF('TERM 3'!O31="","",'TERM 3'!O31) | AQ25: =IF(COUNT(AN25:AP25)<3,"",ROUND(AVERAGE(AN25:AP25),0)) | AR25: =IF(AQ25="","",IF(AQ25>=75,"Passed","Failed")) | AS25: =IF('TERM 1'!P31="","",'TERM 1'!P31) | AT25: =IF('TERM 2'!P31="","",'TERM 2'!P31) | AU25: =IF('TERM 3'!P31="","",'TERM 3'!P31) | AV25: =IF(COUNT(AS25:AU25)<3,"",ROUND(AVERAGE(AS25:AU25),0)) | AW25: =IF(AV25="","",IF(AV25>=75,"Passed","Failed")) | AX25: =IF('TERM 1'!S31="","",'TERM 1'!S31) | AY25: =IF('TERM 2'!S31="","",'TERM 2'!S31) | AZ25: =IF('TERM 3'!S31="","",'TERM 3'!S31) | BA25: =IF(COUNT(AX25:AZ25)<3,"",ROUND(AVERAGE(AX25:AZ25),0)) | BB25: =IF(BA25="","",IF(BA25>=75,"Passed","Failed")) | BC25: =IF('TERM 1'!Q31="","",'TERM 1'!Q31) | BD25: =IF('TERM 2'!Q31="","",'TERM 2'!Q31) | BE25: =IF('TERM 3'!Q31="","",'TERM 3'!Q31) | BF25: =IF(COUNT(BC25:BE25)<3,"",ROUND(AVERAGE(BC25:BE25),0)) | BG25: =IF(BF25="","",IF(BF25>=75,"Passed","Failed")) | BH25: =IF('TERM 1'!R31="","",'TERM 1'!R31) | BI25: =IF('TERM 2'!R31="","",'TERM 2'!R31) | BJ25: =IF('TERM 3'!R31="","",'TERM 3'!R31) | BK25: =IF(COUNT(BH25:BJ25)<3,"",ROUND(AVERAGE(BH25:BJ25),0)) | BL25: =IF(BK25="","",IF(BK25>=75,"Passed","Failed")) | BM25: =IF(COUNT(R25,W25,AB25,AG25,AL25,AQ25,AV25,BA25)<8,"",ROUND(AVERAGE(R25,W25,AB25,AG25,AL25,AQ25,AV25,BA25),0)) | BN25: =IF(BM25="","",IF(BM25>=75,"Passed","Failed"))
A26: =IF($K26="","",IF('INPUT DATA'!F5="","",'INPUT DATA'!F5)) | B26: =IF($K26="","",IF('INPUT DATA'!F6="","",'INPUT DATA'!F6)) | C26: =IF($K26="","",IF('INPUT DATA'!F8="","",'INPUT DATA'!F8)) | D26: =IF($K26="","",IF('INPUT DATA'!F7="","",'INPUT DATA'!F7)) | E26: =IF($K26="","",IF('INPUT DATA'!F11="","",'INPUT DATA'!F11)) | F26: =IF($K26="","",IF('INPUT DATA'!F13="","",'INPUT DATA'!F13)) | G26: =IF($K26="","",IF('INPUT DATA'!F21="","",'INPUT DATA'!F21)) | H26: =IF($K26="","",IF('INPUT DATA'!F22="","",'INPUT DATA'!F22)) | I26: =IF($K26="","",IF('INPUT DATA'!F23="","",'INPUT DATA'!F23)) | J26: =IF($K26="","",IF('INPUT DATA'!F14="","",'INPUT DATA'!F14)) | K26: =IF('INPUT DATA'!L30="","",'INPUT DATA'!L30) | L26: =IF('INPUT DATA'!M30="","",'INPUT DATA'!M30) | M26: =IF('TERM 1'!H32="","",'TERM 1'!H32) | N26: =IF(K26="","","M") | O26: =IF('TERM 1'!J32="","",'TERM 1'!J32) | P26: =IF('TERM 2'!J32="","",'TERM 2'!J32) | Q26: =IF('TERM 3'!J32="","",'TERM 3'!J32) | R26: =IF(COUNT(O26:Q26)<3,"",ROUND(AVERAGE(O26:Q26),0)) | S26: =IF(R26="","",IF(R26>=75,"Passed","Failed")) | T26: =IF('TERM 1'!K32="","",'TERM 1'!K32) | U26: =IF('TERM 2'!K32="","",'TERM 2'!K32) | V26: =IF('TERM 3'!K32="","",'TERM 3'!K32) | W26: =IF(COUNT(T26:V26)<3,"",ROUND(AVERAGE(T26:V26),0)) | X26: =IF(W26="","",IF(W26>=75,"Passed","Failed")) | Y26: =IF('TERM 1'!L32="","",'TERM 1'!L32) | Z26: =IF('TERM 2'!L32="","",'TERM 2'!L32) | AA26: =IF('TERM 3'!L32="","",'TERM 3'!L32) | AB26: =IF(COUNT(Y26:AA26)<3,"",ROUND(AVERAGE(Y26:AA26),0)) | AC26: =IF(AB26="","",IF(AB26>=75,"Passed","Failed")) | AD26: =IF('TERM 1'!M32="","",'TERM 1'!M32) | AE26: =IF('TERM 2'!M32="","",'TERM 2'!M32) | AF26: =IF('TERM 3'!M32="","",'TERM 3'!M32) | AG26: =IF(COUNT(AD26:AF26)<3,"",ROUND(AVERAGE(AD26:AF26),0)) | AH26: =IF(AG26="","",IF(AG26>=75,"Passed","Failed")) | AI26: =IF('TERM 1'!N32="","",'TERM 1'!N32) | AJ26: =IF('TERM 2'!N32="","",'TERM 2'!N32) | AK26: =IF('TERM 3'!N32="","",'TERM 3'!N32) | AL26: =IF(COUNT(AI26:AK26)<3,"",ROUND(AVERAGE(AI26:AK26),0)) | AM26: =IF(AL26="","",IF(AL26>=75,"Passed","Failed")) | AN26: =IF('TERM 1'!O32="","",'TERM 1'!O32) | AO26: =IF('TERM 2'!O32="","",'TERM 2'!O32) | AP26: =IF('TERM 3'!O32="","",'TERM 3'!O32) | AQ26: =IF(COUNT(AN26:AP26)<3,"",ROUND(AVERAGE(AN26:AP26),0)) | AR26: =IF(AQ26="","",IF(AQ26>=75,"Passed","Failed")) | AS26: =IF('TERM 1'!P32="","",'TERM 1'!P32) | AT26: =IF('TERM 2'!P32="","",'TERM 2'!P32) | AU26: =IF('TERM 3'!P32="","",'TERM 3'!P32) | AV26: =IF(COUNT(AS26:AU26)<3,"",ROUND(AVERAGE(AS26:AU26),0)) | AW26: =IF(AV26="","",IF(AV26>=75,"Passed","Failed")) | AX26: =IF('TERM 1'!S32="","",'TERM 1'!S32) | AY26: =IF('TERM 2'!S32="","",'TERM 2'!S32) | AZ26: =IF('TERM 3'!S32="","",'TERM 3'!S32) | BA26: =IF(COUNT(AX26:AZ26)<3,"",ROUND(AVERAGE(AX26:AZ26),0)) | BB26: =IF(BA26="","",IF(BA26>=75,"Passed","Failed")) | BC26: =IF('TERM 1'!Q32="","",'TERM 1'!Q32) | BD26: =IF('TERM 2'!Q32="","",'TERM 2'!Q32) | BE26: =IF('TERM 3'!Q32="","",'TERM 3'!Q32) | BF26: =IF(COUNT(BC26:BE26)<3,"",ROUND(AVERAGE(BC26:BE26),0)) | BG26: =IF(BF26="","",IF(BF26>=75,"Passed","Failed")) | BH26: =IF('TERM 1'!R32="","",'TERM 1'!R32) | BI26: =IF('TERM 2'!R32="","",'TERM 2'!R32) | BJ26: =IF('TERM 3'!R32="","",'TERM 3'!R32) | BK26: =IF(COUNT(BH26:BJ26)<3,"",ROUND(AVERAGE(BH26:BJ26),0)) | BL26: =IF(BK26="","",IF(BK26>=75,"Passed","Failed")) | BM26: =IF(COUNT(R26,W26,AB26,AG26,AL26,AQ26,AV26,BA26)<8,"",ROUND(AVERAGE(R26,W26,AB26,AG26,AL26,AQ26,AV26,BA26),0)) | BN26: =IF(BM26="","",IF(BM26>=75,"Passed","Failed"))
A27: =IF($K27="","",IF('INPUT DATA'!F5="","",'INPUT DATA'!F5)) | B27: =IF($K27="","",IF('INPUT DATA'!F6="","",'INPUT DATA'!F6)) | C27: =IF($K27="","",IF('INPUT DATA'!F8="","",'INPUT DATA'!F8)) | D27: =IF($K27="","",IF('INPUT DATA'!F7="","",'INPUT DATA'!F7)) | E27: =IF($K27="","",IF('INPUT DATA'!F11="","",'INPUT DATA'!F11)) | F27: =IF($K27="","",IF('INPUT DATA'!F13="","",'INPUT DATA'!F13)) | G27: =IF($K27="","",IF('INPUT DATA'!F21="","",'INPUT DATA'!F21)) | H27: =IF($K27="","",IF('INPUT DATA'!F22="","",'INPUT DATA'!F22)) | I27: =IF($K27="","",IF('INPUT DATA'!F23="","",'INPUT DATA'!F23)) | J27: =IF($K27="","",IF('INPUT DATA'!F14="","",'INPUT DATA'!F14)) | K27: =IF('INPUT DATA'!L31="","",'INPUT DATA'!L31) | L27: =IF('INPUT DATA'!M31="","",'INPUT DATA'!M31) | M27: =IF('TERM 1'!H33="","",'TERM 1'!H33) | N27: =IF(K27="","","M") | O27: =IF('TERM 1'!J33="","",'TERM 1'!J33) | P27: =IF('TERM 2'!J33="","",'TERM 2'!J33) | Q27: =IF('TERM 3'!J33="","",'TERM 3'!J33) | R27: =IF(COUNT(O27:Q27)<3,"",ROUND(AVERAGE(O27:Q27),0)) | S27: =IF(R27="","",IF(R27>=75,"Passed","Failed")) | T27: =IF('TERM 1'!K33="","",'TERM 1'!K33) | U27: =IF('TERM 2'!K33="","",'TERM 2'!K33) | V27: =IF('TERM 3'!K33="","",'TERM 3'!K33) | W27: =IF(COUNT(T27:V27)<3,"",ROUND(AVERAGE(T27:V27),0)) | X27: =IF(W27="","",IF(W27>=75,"Passed","Failed")) | Y27: =IF('TERM 1'!L33="","",'TERM 1'!L33) | Z27: =IF('TERM 2'!L33="","",'TERM 2'!L33) | AA27: =IF('TERM 3'!L33="","",'TERM 3'!L33) | AB27: =IF(COUNT(Y27:AA27)<3,"",ROUND(AVERAGE(Y27:AA27),0)) | AC27: =IF(AB27="","",IF(AB27>=75,"Passed","Failed")) | AD27: =IF('TERM 1'!M33="","",'TERM 1'!M33) | AE27: =IF('TERM 2'!M33="","",'TERM 2'!M33) | AF27: =IF('TERM 3'!M33="","",'TERM 3'!M33) | AG27: =IF(COUNT(AD27:AF27)<3,"",ROUND(AVERAGE(AD27:AF27),0)) | AH27: =IF(AG27="","",IF(AG27>=75,"Passed","Failed")) | AI27: =IF('TERM 1'!N33="","",'TERM 1'!N33) | AJ27: =IF('TERM 2'!N33="","",'TERM 2'!N33) | AK27: =IF('TERM 3'!N33="","",'TERM 3'!N33) | AL27: =IF(COUNT(AI27:AK27)<3,"",ROUND(AVERAGE(AI27:AK27),0)) | AM27: =IF(AL27="","",IF(AL27>=75,"Passed","Failed")) | AN27: =IF('TERM 1'!O33="","",'TERM 1'!O33) | AO27: =IF('TERM 2'!O33="","",'TERM 2'!O33) | AP27: =IF('TERM 3'!O33="","",'TERM 3'!O33) | AQ27: =IF(COUNT(AN27:AP27)<3,"",ROUND(AVERAGE(AN27:AP27),0)) | AR27: =IF(AQ27="","",IF(AQ27>=75,"Passed","Failed")) | AS27: =IF('TERM 1'!P33="","",'TERM 1'!P33) | AT27: =IF('TERM 2'!P33="","",'TERM 2'!P33) | AU27: =IF('TERM 3'!P33="","",'TERM 3'!P33) | AV27: =IF(COUNT(AS27:AU27)<3,"",ROUND(AVERAGE(AS27:AU27),0)) | AW27: =IF(AV27="","",IF(AV27>=75,"Passed","Failed")) | AX27: =IF('TERM 1'!S33="","",'TERM 1'!S33) | AY27: =IF('TERM 2'!S33="","",'TERM 2'!S33) | AZ27: =IF('TERM 3'!S33="","",'TERM 3'!S33) | BA27: =IF(COUNT(AX27:AZ27)<3,"",ROUND(AVERAGE(AX27:AZ27),0)) | BB27: =IF(BA27="","",IF(BA27>=75,"Passed","Failed")) | BC27: =IF('TERM 1'!Q33="","",'TERM 1'!Q33) | BD27: =IF('TERM 2'!Q33="","",'TERM 2'!Q33) | BE27: =IF('TERM 3'!Q33="","",'TERM 3'!Q33) | BF27: =IF(COUNT(BC27:BE27)<3,"",ROUND(AVERAGE(BC27:BE27),0)) | BG27: =IF(BF27="","",IF(BF27>=75,"Passed","Failed")) | BH27: =IF('TERM 1'!R33="","",'TERM 1'!R33) | BI27: =IF('TERM 2'!R33="","",'TERM 2'!R33) | BJ27: =IF('TERM 3'!R33="","",'TERM 3'!R33) | BK27: =IF(COUNT(BH27:BJ27)<3,"",ROUND(AVERAGE(BH27:BJ27),0)) | BL27: =IF(BK27="","",IF(BK27>=75,"Passed","Failed")) | BM27: =IF(COUNT(R27,W27,AB27,AG27,AL27,AQ27,AV27,BA27)<8,"",ROUND(AVERAGE(R27,W27,AB27,AG27,AL27,AQ27,AV27,BA27),0)) | BN27: =IF(BM27="","",IF(BM27>=75,"Passed","Failed"))
A28: =IF($K28="","",IF('INPUT DATA'!F5="","",'INPUT DATA'!F5)) | B28: =IF($K28="","",IF('INPUT DATA'!F6="","",'INPUT DATA'!F6)) | C28: =IF($K28="","",IF('INPUT DATA'!F8="","",'INPUT DATA'!F8)) | D28: =IF($K28="","",IF('INPUT DATA'!F7="","",'INPUT DATA'!F7)) | E28: =IF($K28="","",IF('INPUT DATA'!F11="","",'INPUT DATA'!F11)) | F28: =IF($K28="","",IF('INPUT DATA'!F13="","",'INPUT DATA'!F13)) | G28: =IF($K28="","",IF('INPUT DATA'!F21="","",'INPUT DATA'!F21)) | H28: =IF($K28="","",IF('INPUT DATA'!F22="","",'INPUT DATA'!F22)) | I28: =IF($K28="","",IF('INPUT DATA'!F23="","",'INPUT DATA'!F23)) | J28: =IF($K28="","",IF('INPUT DATA'!F14="","",'INPUT DATA'!F14)) | K28: =IF('INPUT DATA'!L32="","",'INPUT DATA'!L32) | L28: =IF('INPUT DATA'!M32="","",'INPUT DATA'!M32) | M28: =IF('TERM 1'!H34="","",'TERM 1'!H34) | N28: =IF(K28="","","M") | O28: =IF('TERM 1'!J34="","",'TERM 1'!J34) | P28: =IF('TERM 2'!J34="","",'TERM 2'!J34) | Q28: =IF('TERM 3'!J34="","",'TERM 3'!J34) | R28: =IF(COUNT(O28:Q28)<3,"",ROUND(AVERAGE(O28:Q28),0)) | S28: =IF(R28="","",IF(R28>=75,"Passed","Failed")) | T28: =IF('TERM 1'!K34="","",'TERM 1'!K34) | U28: =IF('TERM 2'!K34="","",'TERM 2'!K34) | V28: =IF('TERM 3'!K34="","",'TERM 3'!K34) | W28: =IF(COUNT(T28:V28)<3,"",ROUND(AVERAGE(T28:V28),0)) | X28: =IF(W28="","",IF(W28>=75,"Passed","Failed")) | Y28: =IF('TERM 1'!L34="","",'TERM 1'!L34) | Z28: =IF('TERM 2'!L34="","",'TERM 2'!L34) | AA28: =IF('TERM 3'!L34="","",'TERM 3'!L34) | AB28: =IF(COUNT(Y28:AA28)<3,"",ROUND(AVERAGE(Y28:AA28),0)) | AC28: =IF(AB28="","",IF(AB28>=75,"Passed","Failed")) | AD28: =IF('TERM 1'!M34="","",'TERM 1'!M34) | AE28: =IF('TERM 2'!M34="","",'TERM 2'!M34) | AF28: =IF('TERM 3'!M34="","",'TERM 3'!M34) | AG28: =IF(COUNT(AD28:AF28)<3,"",ROUND(AVERAGE(AD28:AF28),0)) | AH28: =IF(AG28="","",IF(AG28>=75,"Passed","Failed")) | AI28: =IF('TERM 1'!N34="","",'TERM 1'!N34) | AJ28: =IF('TERM 2'!N34="","",'TERM 2'!N34) | AK28: =IF('TERM 3'!N34="","",'TERM 3'!N34) | AL28: =IF(COUNT(AI28:AK28)<3,"",ROUND(AVERAGE(AI28:AK28),0)) | AM28: =IF(AL28="","",IF(AL28>=75,"Passed","Failed")) | AN28: =IF('TERM 1'!O34="","",'TERM 1'!O34) | AO28: =IF('TERM 2'!O34="","",'TERM 2'!O34) | AP28: =IF('TERM 3'!O34="","",'TERM 3'!O34) | AQ28: =IF(COUNT(AN28:AP28)<3,"",ROUND(AVERAGE(AN28:AP28),0)) | AR28: =IF(AQ28="","",IF(AQ28>=75,"Passed","Failed")) | AS28: =IF('TERM 1'!P34="","",'TERM 1'!P34) | AT28: =IF('TERM 2'!P34="","",'TERM 2'!P34) | AU28: =IF('TERM 3'!P34="","",'TERM 3'!P34) | AV28: =IF(COUNT(AS28:AU28)<3,"",ROUND(AVERAGE(AS28:AU28),0)) | AW28: =IF(AV28="","",IF(AV28>=75,"Passed","Failed")) | AX28: =IF('TERM 1'!S34="","",'TERM 1'!S34) | AY28: =IF('TERM 2'!S34="","",'TERM 2'!S34) | AZ28: =IF('TERM 3'!S34="","",'TERM 3'!S34) | BA28: =IF(COUNT(AX28:AZ28)<3,"",ROUND(AVERAGE(AX28:AZ28),0)) | BB28: =IF(BA28="","",IF(BA28>=75,"Passed","Failed")) | BC28: =IF('TERM 1'!Q34="","",'TERM 1'!Q34) | BD28: =IF('TERM 2'!Q34="","",'TERM 2'!Q34) | BE28: =IF('TERM 3'!Q34="","",'TERM 3'!Q34) | BF28: =IF(COUNT(BC28:BE28)<3,"",ROUND(AVERAGE(BC28:BE28),0)) | BG28: =IF(BF28="","",IF(BF28>=75,"Passed","Failed")) | BH28: =IF('TERM 1'!R34="","",'TERM 1'!R34) | BI28: =IF('TERM 2'!R34="","",'TERM 2'!R34) | BJ28: =IF('TERM 3'!R34="","",'TERM 3'!R34) | BK28: =IF(COUNT(BH28:BJ28)<3,"",ROUND(AVERAGE(BH28:BJ28),0)) | BL28: =IF(BK28="","",IF(BK28>=75,"Passed","Failed")) | BM28: =IF(COUNT(R28,W28,AB28,AG28,AL28,AQ28,AV28,BA28)<8,"",ROUND(AVERAGE(R28,W28,AB28,AG28,AL28,AQ28,AV28,BA28),0)) | BN28: =IF(BM28="","",IF(BM28>=75,"Passed","Failed"))
A29: =IF($K29="","",IF('INPUT DATA'!F5="","",'INPUT DATA'!F5)) | B29: =IF($K29="","",IF('INPUT DATA'!F6="","",'INPUT DATA'!F6)) | C29: =IF($K29="","",IF('INPUT DATA'!F8="","",'INPUT DATA'!F8)) | D29: =IF($K29="","",IF('INPUT DATA'!F7="","",'INPUT DATA'!F7)) | E29: =IF($K29="","",IF('INPUT DATA'!F11="","",'INPUT DATA'!F11)) | F29: =IF($K29="","",IF('INPUT DATA'!F13="","",'INPUT DATA'!F13)) | G29: =IF($K29="","",IF('INPUT DATA'!F21="","",'INPUT DATA'!F21)) | H29: =IF($K29="","",IF('INPUT DATA'!F22="","",'INPUT DATA'!F22)) | I29: =IF($K29="","",IF('INPUT DATA'!F23="","",'INPUT DATA'!F23)) | J29: =IF($K29="","",IF('INPUT DATA'!F14="","",'INPUT DATA'!F14)) | K29: =IF('INPUT DATA'!L33="","",'INPUT DATA'!L33) | L29: =IF('INPUT DATA'!M33="","",'INPUT DATA'!M33) | M29: =IF('TERM 1'!H35="","",'TERM 1'!H35) | N29: =IF(K29="","","M") | O29: =IF('TERM 1'!J35="","",'TERM 1'!J35) | P29: =IF('TERM 2'!J35="","",'TERM 2'!J35) | Q29: =IF('TERM 3'!J35="","",'TERM 3'!J35) | R29: =IF(COUNT(O29:Q29)<3,"",ROUND(AVERAGE(O29:Q29),0)) | S29: =IF(R29="","",IF(R29>=75,"Passed","Failed")) | T29: =IF('TERM 1'!K35="","",'TERM 1'!K35) | U29: =IF('TERM 2'!K35="","",'TERM 2'!K35) | V29: =IF('TERM 3'!K35="","",'TERM 3'!K35) | W29: =IF(COUNT(T29:V29)<3,"",ROUND(AVERAGE(T29:V29),0)) | X29: =IF(W29="","",IF(W29>=75,"Passed","Failed")) | Y29: =IF('TERM 1'!L35="","",'TERM 1'!L35) | Z29: =IF('TERM 2'!L35="","",'TERM 2'!L35) | AA29: =IF('TERM 3'!L35="","",'TERM 3'!L35) | AB29: =IF(COUNT(Y29:AA29)<3,"",ROUND(AVERAGE(Y29:AA29),0)) | AC29: =IF(AB29="","",IF(AB29>=75,"Passed","Failed")) | AD29: =IF('TERM 1'!M35="","",'TERM 1'!M35) | AE29: =IF('TERM 2'!M35="","",'TERM 2'!M35) | AF29: =IF('TERM 3'!M35="","",'TERM 3'!M35) | AG29: =IF(COUNT(AD29:AF29)<3,"",ROUND(AVERAGE(AD29:AF29),0)) | AH29: =IF(AG29="","",IF(AG29>=75,"Passed","Failed")) | AI29: =IF('TERM 1'!N35="","",'TERM 1'!N35) | AJ29: =IF('TERM 2'!N35="","",'TERM 2'!N35) | AK29: =IF('TERM 3'!N35="","",'TERM 3'!N35) | AL29: =IF(COUNT(AI29:AK29)<3,"",ROUND(AVERAGE(AI29:AK29),0)) | AM29: =IF(AL29="","",IF(AL29>=75,"Passed","Failed")) | AN29: =IF('TERM 1'!O35="","",'TERM 1'!O35) | AO29: =IF('TERM 2'!O35="","",'TERM 2'!O35) | AP29: =IF('TERM 3'!O35="","",'TERM 3'!O35) | AQ29: =IF(COUNT(AN29:AP29)<3,"",ROUND(AVERAGE(AN29:AP29),0)) | AR29: =IF(AQ29="","",IF(AQ29>=75,"Passed","Failed")) | AS29: =IF('TERM 1'!P35="","",'TERM 1'!P35) | AT29: =IF('TERM 2'!P35="","",'TERM 2'!P35) | AU29: =IF('TERM 3'!P35="","",'TERM 3'!P35) | AV29: =IF(COUNT(AS29:AU29)<3,"",ROUND(AVERAGE(AS29:AU29),0)) | AW29: =IF(AV29="","",IF(AV29>=75,"Passed","Failed")) | AX29: =IF('TERM 1'!S35="","",'TERM 1'!S35) | AY29: =IF('TERM 2'!S35="","",'TERM 2'!S35) | AZ29: =IF('TERM 3'!S35="","",'TERM 3'!S35) | BA29: =IF(COUNT(AX29:AZ29)<3,"",ROUND(AVERAGE(AX29:AZ29),0)) | BB29: =IF(BA29="","",IF(BA29>=75,"Passed","Failed")) | BC29: =IF('TERM 1'!Q35="","",'TERM 1'!Q35) | BD29: =IF('TERM 2'!Q35="","",'TERM 2'!Q35) | BE29: =IF('TERM 3'!Q35="","",'TERM 3'!Q35) | BF29: =IF(COUNT(BC29:BE29)<3,"",ROUND(AVERAGE(BC29:BE29),0)) | BG29: =IF(BF29="","",IF(BF29>=75,"Passed","Failed")) | BH29: =IF('TERM 1'!R35="","",'TERM 1'!R35) | BI29: =IF('TERM 2'!R35="","",'TERM 2'!R35) | BJ29: =IF('TERM 3'!R35="","",'TERM 3'!R35) | BK29: =IF(COUNT(BH29:BJ29)<3,"",ROUND(AVERAGE(BH29:BJ29),0)) | BL29: =IF(BK29="","",IF(BK29>=75,"Passed","Failed")) | BM29: =IF(COUNT(R29,W29,AB29,AG29,AL29,AQ29,AV29,BA29)<8,"",ROUND(AVERAGE(R29,W29,AB29,AG29,AL29,AQ29,AV29,BA29),0)) | BN29: =IF(BM29="","",IF(BM29>=75,"Passed","Failed"))
A30: =IF($K30="","",IF('INPUT DATA'!F5="","",'INPUT DATA'!F5)) | B30: =IF($K30="","",IF('INPUT DATA'!F6="","",'INPUT DATA'!F6)) | C30: =IF($K30="","",IF('INPUT DATA'!F8="","",'INPUT DATA'!F8)) | D30: =IF($K30="","",IF('INPUT DATA'!F7="","",'INPUT DATA'!F7)) | E30: =IF($K30="","",IF('INPUT DATA'!F11="","",'INPUT DATA'!F11)) | F30: =IF($K30="","",IF('INPUT DATA'!F13="","",'INPUT DATA'!F13)) | G30: =IF($K30="","",IF('INPUT DATA'!F21="","",'INPUT DATA'!F21)) | H30: =IF($K30="","",IF('INPUT DATA'!F22="","",'INPUT DATA'!F22)) | I30: =IF($K30="","",IF('INPUT DATA'!F23="","",'INPUT DATA'!F23)) | J30: =IF($K30="","",IF('INPUT DATA'!F14="","",'INPUT DATA'!F14)) | K30: =IF('INPUT DATA'!L34="","",'INPUT DATA'!L34) | L30: =IF('INPUT DATA'!M34="","",'INPUT DATA'!M34) | M30: =IF('TERM 1'!H36="","",'TERM 1'!H36) | N30: =IF(K30="","","M") | O30: =IF('TERM 1'!J36="","",'TERM 1'!J36) | P30: =IF('TERM 2'!J36="","",'TERM 2'!J36) | Q30: =IF('TERM 3'!J36="","",'TERM 3'!J36) | R30: =IF(COUNT(O30:Q30)<3,"",ROUND(AVERAGE(O30:Q30),0)) | S30: =IF(R30="","",IF(R30>=75,"Passed","Failed")) | T30: =IF('TERM 1'!K36="","",'TERM 1'!K36) | U30: =IF('TERM 2'!K36="","",'TERM 2'!K36) | V30: =IF('TERM 3'!K36="","",'TERM 3'!K36) | W30: =IF(COUNT(T30:V30)<3,"",ROUND(AVERAGE(T30:V30),0)) | X30: =IF(W30="","",IF(W30>=75,"Passed","Failed")) | Y30: =IF('TERM 1'!L36="","",'TERM 1'!L36) | Z30: =IF('TERM 2'!L36="","",'TERM 2'!L36) | AA30: =IF('TERM 3'!L36="","",'TERM 3'!L36) | AB30: =IF(COUNT(Y30:AA30)<3,"",ROUND(AVERAGE(Y30:AA30),0)) | AC30: =IF(AB30="","",IF(AB30>=75,"Passed","Failed")) | AD30: =IF('TERM 1'!M36="","",'TERM 1'!M36) | AE30: =IF('TERM 2'!M36="","",'TERM 2'!M36) | AF30: =IF('TERM 3'!M36="","",'TERM 3'!M36) | AG30: =IF(COUNT(AD30:AF30)<3,"",ROUND(AVERAGE(AD30:AF30),0)) | AH30: =IF(AG30="","",IF(AG30>=75,"Passed","Failed")) | AI30: =IF('TERM 1'!N36="","",'TERM 1'!N36) | AJ30: =IF('TERM 2'!N36="","",'TERM 2'!N36) | AK30: =IF('TERM 3'!N36="","",'TERM 3'!N36) | AL30: =IF(COUNT(AI30:AK30)<3,"",ROUND(AVERAGE(AI30:AK30),0)) | AM30: =IF(AL30="","",IF(AL30>=75,"Passed","Failed")) | AN30: =IF('TERM 1'!O36="","",'TERM 1'!O36) | AO30: =IF('TERM 2'!O36="","",'TERM 2'!O36) | AP30: =IF('TERM 3'!O36="","",'TERM 3'!O36) | AQ30: =IF(COUNT(AN30:AP30)<3,"",ROUND(AVERAGE(AN30:AP30),0)) | AR30: =IF(AQ30="","",IF(AQ30>=75,"Passed","Failed")) | AS30: =IF('TERM 1'!P36="","",'TERM 1'!P36) | AT30: =IF('TERM 2'!P36="","",'TERM 2'!P36) | AU30: =IF('TERM 3'!P36="","",'TERM 3'!P36) | AV30: =IF(COUNT(AS30:AU30)<3,"",ROUND(AVERAGE(AS30:AU30),0)) | AW30: =IF(AV30="","",IF(AV30>=75,"Passed","Failed")) | AX30: =IF('TERM 1'!S36="","",'TERM 1'!S36) | AY30: =IF('TERM 2'!S36="","",'TERM 2'!S36) | AZ30: =IF('TERM 3'!S36="","",'TERM 3'!S36) | BA30: =IF(COUNT(AX30:AZ30)<3,"",ROUND(AVERAGE(AX30:AZ30),0)) | BB30: =IF(BA30="","",IF(BA30>=75,"Passed","Failed")) | BC30: =IF('TERM 1'!Q36="","",'TERM 1'!Q36) | BD30: =IF('TERM 2'!Q36="","",'TERM 2'!Q36) | BE30: =IF('TERM 3'!Q36="","",'TERM 3'!Q36) | BF30: =IF(COUNT(BC30:BE30)<3,"",ROUND(AVERAGE(BC30:BE30),0)) | BG30: =IF(BF30="","",IF(BF30>=75,"Passed","Failed")) | BH30: =IF('TERM 1'!R36="","",'TERM 1'!R36) | BI30: =IF('TERM 2'!R36="","",'TERM 2'!R36) | BJ30: =IF('TERM 3'!R36="","",'TERM 3'!R36) | BK30: =IF(COUNT(BH30:BJ30)<3,"",ROUND(AVERAGE(BH30:BJ30),0)) | BL30: =IF(BK30="","",IF(BK30>=75,"Passed","Failed")) | BM30: =IF(COUNT(R30,W30,AB30,AG30,AL30,AQ30,AV30,BA30)<8,"",ROUND(AVERAGE(R30,W30,AB30,AG30,AL30,AQ30,AV30,BA30),0)) | BN30: =IF(BM30="","",IF(BM30>=75,"Passed","Failed"))
A31: =IF($K31="","",IF('INPUT DATA'!F5="","",'INPUT DATA'!F5)) | B31: =IF($K31="","",IF('INPUT DATA'!F6="","",'INPUT DATA'!F6)) | C31: =IF($K31="","",IF('INPUT DATA'!F8="","",'INPUT DATA'!F8)) | D31: =IF($K31="","",IF('INPUT DATA'!F7="","",'INPUT DATA'!F7)) | E31: =IF($K31="","",IF('INPUT DATA'!F11="","",'INPUT DATA'!F11)) | F31: =IF($K31="","",IF('INPUT DATA'!F13="","",'INPUT DATA'!F13)) | G31: =IF($K31="","",IF('INPUT DATA'!F21="","",'INPUT DATA'!F21)) | H31: =IF($K31="","",IF('INPUT DATA'!F22="","",'INPUT DATA'!F22)) | I31: =IF($K31="","",IF('INPUT DATA'!F23="","",'INPUT DATA'!F23)) | J31: =IF($K31="","",IF('INPUT DATA'!F14="","",'INPUT DATA'!F14)) | K31: =IF('INPUT DATA'!L35="","",'INPUT DATA'!L35) | L31: =IF('INPUT DATA'!M35="","",'INPUT DATA'!M35) | M31: =IF('TERM 1'!H37="","",'TERM 1'!H37) | N31: =IF(K31="","","M") | O31: =IF('TERM 1'!J37="","",'TERM 1'!J37) | P31: =IF('TERM 2'!J37="","",'TERM 2'!J37) | Q31: =IF('TERM 3'!J37="","",'TERM 3'!J37) | R31: =IF(COUNT(O31:Q31)<3,"",ROUND(AVERAGE(O31:Q31),0)) | S31: =IF(R31="","",IF(R31>=75,"Passed","Failed")) | T31: =IF('TERM 1'!K37="","",'TERM 1'!K37) | U31: =IF('TERM 2'!K37="","",'TERM 2'!K37) | V31: =IF('TERM 3'!K37="","",'TERM 3'!K37) | W31: =IF(COUNT(T31:V31)<3,"",ROUND(AVERAGE(T31:V31),0)) | X31: =IF(W31="","",IF(W31>=75,"Passed","Failed")) | Y31: =IF('TERM 1'!L37="","",'TERM 1'!L37) | Z31: =IF('TERM 2'!L37="","",'TERM 2'!L37) | AA31: =IF('TERM 3'!L37="","",'TERM 3'!L37) | AB31: =IF(COUNT(Y31:AA31)<3,"",ROUND(AVERAGE(Y31:AA31),0)) | AC31: =IF(AB31="","",IF(AB31>=75,"Passed","Failed")) | AD31: =IF('TERM 1'!M37="","",'TERM 1'!M37) | AE31: =IF('TERM 2'!M37="","",'TERM 2'!M37) | AF31: =IF('TERM 3'!M37="","",'TERM 3'!M37) | AG31: =IF(COUNT(AD31:AF31)<3,"",ROUND(AVERAGE(AD31:AF31),0)) | AH31: =IF(AG31="","",IF(AG31>=75,"Passed","Failed")) | AI31: =IF('TERM 1'!N37="","",'TERM 1'!N37) | AJ31: =IF('TERM 2'!N37="","",'TERM 2'!N37) | AK31: =IF('TERM 3'!N37="","",'TERM 3'!N37) | AL31: =IF(COUNT(AI31:AK31)<3,"",ROUND(AVERAGE(AI31:AK31),0)) | AM31: =IF(AL31="","",IF(AL31>=75,"Passed","Failed")) | AN31: =IF('TERM 1'!O37="","",'TERM 1'!O37) | AO31: =IF('TERM 2'!O37="","",'TERM 2'!O37) | AP31: =IF('TERM 3'!O37="","",'TERM 3'!O37) | AQ31: =IF(COUNT(AN31:AP31)<3,"",ROUND(AVERAGE(AN31:AP31),0)) | AR31: =IF(AQ31="","",IF(AQ31>=75,"Passed","Failed")) | AS31: =IF('TERM 1'!P37="","",'TERM 1'!P37) | AT31: =IF('TERM 2'!P37="","",'TERM 2'!P37) | AU31: =IF('TERM 3'!P37="","",'TERM 3'!P37) | AV31: =IF(COUNT(AS31:AU31)<3,"",ROUND(AVERAGE(AS31:AU31),0)) | AW31: =IF(AV31="","",IF(AV31>=75,"Passed","Failed")) | AX31: =IF('TERM 1'!S37="","",'TERM 1'!S37) | AY31: =IF('TERM 2'!S37="","",'TERM 2'!S37) | AZ31: =IF('TERM 3'!S37="","",'TERM 3'!S37) | BA31: =IF(COUNT(AX31:AZ31)<3,"",ROUND(AVERAGE(AX31:AZ31),0)) | BB31: =IF(BA31="","",IF(BA31>=75,"Passed","Failed")) | BC31: =IF('TERM 1'!Q37="","",'TERM 1'!Q37) | BD31: =IF('TERM 2'!Q37="","",'TERM 2'!Q37) | BE31: =IF('TERM 3'!Q37="","",'TERM 3'!Q37) | BF31: =IF(COUNT(BC31:BE31)<3,"",ROUND(AVERAGE(BC31:BE31),0)) | BG31: =IF(BF31="","",IF(BF31>=75,"Passed","Failed")) | BH31: =IF('TERM 1'!R37="","",'TERM 1'!R37) | BI31: =IF('TERM 2'!R37="","",'TERM 2'!R37) | BJ31: =IF('TERM 3'!R37="","",'TERM 3'!R37) | BK31: =IF(COUNT(BH31:BJ31)<3,"",ROUND(AVERAGE(BH31:BJ31),0)) | BL31: =IF(BK31="","",IF(BK31>=75,"Passed","Failed")) | BM31: =IF(COUNT(R31,W31,AB31,AG31,AL31,AQ31,AV31,BA31)<8,"",ROUND(AVERAGE(R31,W31,AB31,AG31,AL31,AQ31,AV31,BA31),0)) | BN31: =IF(BM31="","",IF(BM31>=75,"Passed","Failed"))
A32: =IF($K32="","",IF('INPUT DATA'!F5="","",'INPUT DATA'!F5)) | B32: =IF($K32="","",IF('INPUT DATA'!F6="","",'INPUT DATA'!F6)) | C32: =IF($K32="","",IF('INPUT DATA'!F8="","",'INPUT DATA'!F8)) | D32: =IF($K32="","",IF('INPUT DATA'!F7="","",'INPUT DATA'!F7)) | E32: =IF($K32="","",IF('INPUT DATA'!F11="","",'INPUT DATA'!F11)) | F32: =IF($K32="","",IF('INPUT DATA'!F13="","",'INPUT DATA'!F13)) | G32: =IF($K32="","",IF('INPUT DATA'!F21="","",'INPUT DATA'!F21)) | H32: =IF($K32="","",IF('INPUT DATA'!F22="","",'INPUT DATA'!F22)) | I32: =IF($K32="","",IF('INPUT DATA'!F23="","",'INPUT DATA'!F23)) | J32: =IF($K32="","",IF('INPUT DATA'!F14="","",'INPUT DATA'!F14)) | K32: =IF('INPUT DATA'!L36="","",'INPUT DATA'!L36) | L32: =IF('INPUT DATA'!M36="","",'INPUT DATA'!M36) | M32: =IF('TERM 1'!H38="","",'TERM 1'!H38) | N32: =IF(K32="","","M") | O32: =IF('TERM 1'!J38="","",'TERM 1'!J38) | P32: =IF('TERM 2'!J38="","",'TERM 2'!J38) | Q32: =IF('TERM 3'!J38="","",'TERM 3'!J38) | R32: =IF(COUNT(O32:Q32)<3,"",ROUND(AVERAGE(O32:Q32),0)) | S32: =IF(R32="","",IF(R32>=75,"Passed","Failed")) | T32: =IF('TERM 1'!K38="","",'TERM 1'!K38) | U32: =IF('TERM 2'!K38="","",'TERM 2'!K38) | V32: =IF('TERM 3'!K38="","",'TERM 3'!K38) | W32: =IF(COUNT(T32:V32)<3,"",ROUND(AVERAGE(T32:V32),0)) | X32: =IF(W32="","",IF(W32>=75,"Passed","Failed")) | Y32: =IF('TERM 1'!L38="","",'TERM 1'!L38) | Z32: =IF('TERM 2'!L38="","",'TERM 2'!L38) | AA32: =IF('TERM 3'!L38="","",'TERM 3'!L38) | AB32: =IF(COUNT(Y32:AA32)<3,"",ROUND(AVERAGE(Y32:AA32),0)) | AC32: =IF(AB32="","",IF(AB32>=75,"Passed","Failed")) | AD32: =IF('TERM 1'!M38="","",'TERM 1'!M38) | AE32: =IF('TERM 2'!M38="","",'TERM 2'!M38) | AF32: =IF('TERM 3'!M38="","",'TERM 3'!M38) | AG32: =IF(COUNT(AD32:AF32)<3,"",ROUND(AVERAGE(AD32:AF32),0)) | AH32: =IF(AG32="","",IF(AG32>=75,"Passed","Failed")) | AI32: =IF('TERM 1'!N38="","",'TERM 1'!N38) | AJ32: =IF('TERM 2'!N38="","",'TERM 2'!N38) | AK32: =IF('TERM 3'!N38="","",'TERM 3'!N38) | AL32: =IF(COUNT(AI32:AK32)<3,"",ROUND(AVERAGE(AI32:AK32),0)) | AM32: =IF(AL32="","",IF(AL32>=75,"Passed","Failed")) | AN32: =IF('TERM 1'!O38="","",'TERM 1'!O38) | AO32: =IF('TERM 2'!O38="","",'TERM 2'!O38) | AP32: =IF('TERM 3'!O38="","",'TERM 3'!O38) | AQ32: =IF(COUNT(AN32:AP32)<3,"",ROUND(AVERAGE(AN32:AP32),0)) | AR32: =IF(AQ32="","",IF(AQ32>=75,"Passed","Failed")) | AS32: =IF('TERM 1'!P38="","",'TERM 1'!P38) | AT32: =IF('TERM 2'!P38="","",'TERM 2'!P38) | AU32: =IF('TERM 3'!P38="","",'TERM 3'!P38) | AV32: =IF(COUNT(AS32:AU32)<3,"",ROUND(AVERAGE(AS32:AU32),0)) | AW32: =IF(AV32="","",IF(AV32>=75,"Passed","Failed")) | AX32: =IF('TERM 1'!S38="","",'TERM 1'!S38) | AY32: =IF('TERM 2'!S38="","",'TERM 2'!S38) | AZ32: =IF('TERM 3'!S38="","",'TERM 3'!S38) | BA32: =IF(COUNT(AX32:AZ32)<3,"",ROUND(AVERAGE(AX32:AZ32),0)) | BB32: =IF(BA32="","",IF(BA32>=75,"Passed","Failed")) | BC32: =IF('TERM 1'!Q38="","",'TERM 1'!Q38) | BD32: =IF('TERM 2'!Q38="","",'TERM 2'!Q38) | BE32: =IF('TERM 3'!Q38="","",'TERM 3'!Q38) | BF32: =IF(COUNT(BC32:BE32)<3,"",ROUND(AVERAGE(BC32:BE32),0)) | BG32: =IF(BF32="","",IF(BF32>=75,"Passed","Failed")) | BH32: =IF('TERM 1'!R38="","",'TERM 1'!R38) | BI32: =IF('TERM 2'!R38="","",'TERM 2'!R38) | BJ32: =IF('TERM 3'!R38="","",'TERM 3'!R38) | BK32: =IF(COUNT(BH32:BJ32)<3,"",ROUND(AVERAGE(BH32:BJ32),0)) | BL32: =IF(BK32="","",IF(BK32>=75,"Passed","Failed")) | BM32: =IF(COUNT(R32,W32,AB32,AG32,AL32,AQ32,AV32,BA32)<8,"",ROUND(AVERAGE(R32,W32,AB32,AG32,AL32,AQ32,AV32,BA32),0)) | BN32: =IF(BM32="","",IF(BM32>=75,"Passed","Failed"))
A33: =IF($K33="","",IF('INPUT DATA'!F5="","",'INPUT DATA'!F5)) | B33: =IF($K33="","",IF('INPUT DATA'!F6="","",'INPUT DATA'!F6)) | C33: =IF($K33="","",IF('INPUT DATA'!F8="","",'INPUT DATA'!F8)) | D33: =IF($K33="","",IF('INPUT DATA'!F7="","",'INPUT DATA'!F7)) | E33: =IF($K33="","",IF('INPUT DATA'!F11="","",'INPUT DATA'!F11)) | F33: =IF($K33="","",IF('INPUT DATA'!F13="","",'INPUT DATA'!F13)) | G33: =IF($K33="","",IF('INPUT DATA'!F21="","",'INPUT DATA'!F21)) | H33: =IF($K33="","",IF('INPUT DATA'!F22="","",'INPUT DATA'!F22)) | I33: =IF($K33="","",IF('INPUT DATA'!F23="","",'INPUT DATA'!F23)) | J33: =IF($K33="","",IF('INPUT DATA'!F14="","",'INPUT DATA'!F14)) | K33: =IF('INPUT DATA'!L37="","",'INPUT DATA'!L37) | L33: =IF('INPUT DATA'!M37="","",'INPUT DATA'!M37) | M33: =IF('TERM 1'!H39="","",'TERM 1'!H39) | N33: =IF(K33="","","M") | O33: =IF('TERM 1'!J39="","",'TERM 1'!J39) | P33: =IF('TERM 2'!J39="","",'TERM 2'!J39) | Q33: =IF('TERM 3'!J39="","",'TERM 3'!J39) | R33: =IF(COUNT(O33:Q33)<3,"",ROUND(AVERAGE(O33:Q33),0)) | S33: =IF(R33="","",IF(R33>=75,"Passed","Failed")) | T33: =IF('TERM 1'!K39="","",'TERM 1'!K39) | U33: =IF('TERM 2'!K39="","",'TERM 2'!K39) | V33: =IF('TERM 3'!K39="","",'TERM 3'!K39) | W33: =IF(COUNT(T33:V33)<3,"",ROUND(AVERAGE(T33:V33),0)) | X33: =IF(W33="","",IF(W33>=75,"Passed","Failed")) | Y33: =IF('TERM 1'!L39="","",'TERM 1'!L39) | Z33: =IF('TERM 2'!L39="","",'TERM 2'!L39) | AA33: =IF('TERM 3'!L39="","",'TERM 3'!L39) | AB33: =IF(COUNT(Y33:AA33)<3,"",ROUND(AVERAGE(Y33:AA33),0)) | AC33: =IF(AB33="","",IF(AB33>=75,"Passed","Failed")) | AD33: =IF('TERM 1'!M39="","",'TERM 1'!M39) | AE33: =IF('TERM 2'!M39="","",'TERM 2'!M39) | AF33: =IF('TERM 3'!M39="","",'TERM 3'!M39) | AG33: =IF(COUNT(AD33:AF33)<3,"",ROUND(AVERAGE(AD33:AF33),0)) | AH33: =IF(AG33="","",IF(AG33>=75,"Passed","Failed")) | AI33: =IF('TERM 1'!N39="","",'TERM 1'!N39) | AJ33: =IF('TERM 2'!N39="","",'TERM 2'!N39) | AK33: =IF('TERM 3'!N39="","",'TERM 3'!N39) | AL33: =IF(COUNT(AI33:AK33)<3,"",ROUND(AVERAGE(AI33:AK33),0)) | AM33: =IF(AL33="","",IF(AL33>=75,"Passed","Failed")) | AN33: =IF('TERM 1'!O39="","",'TERM 1'!O39) | AO33: =IF('TERM 2'!O39="","",'TERM 2'!O39) | AP33: =IF('TERM 3'!O39="","",'TERM 3'!O39) | AQ33: =IF(COUNT(AN33:AP33)<3,"",ROUND(AVERAGE(AN33:AP33),0)) | AR33: =IF(AQ33="","",IF(AQ33>=75,"Passed","Failed")) | AS33: =IF('TERM 1'!P39="","",'TERM 1'!P39) | AT33: =IF('TERM 2'!P39="","",'TERM 2'!P39) | AU33: =IF('TERM 3'!P39="","",'TERM 3'!P39) | AV33: =IF(COUNT(AS33:AU33)<3,"",ROUND(AVERAGE(AS33:AU33),0)) | AW33: =IF(AV33="","",IF(AV33>=75,"Passed","Failed")) | AX33: =IF('TERM 1'!S39="","",'TERM 1'!S39) | AY33: =IF('TERM 2'!S39="","",'TERM 2'!S39) | AZ33: =IF('TERM 3'!S39="","",'TERM 3'!S39) | BA33: =IF(COUNT(AX33:AZ33)<3,"",ROUND(AVERAGE(AX33:AZ33),0)) | BB33: =IF(BA33="","",IF(BA33>=75,"Passed","Failed")) | BC33: =IF('TERM 1'!Q39="","",'TERM 1'!Q39) | BD33: =IF('TERM 2'!Q39="","",'TERM 2'!Q39) | BE33: =IF('TERM 3'!Q39="","",'TERM 3'!Q39) | BF33: =IF(COUNT(BC33:BE33)<3,"",ROUND(AVERAGE(BC33:BE33),0)) | BG33: =IF(BF33="","",IF(BF33>=75,"Passed","Failed")) | BH33: =IF('TERM 1'!R39="","",'TERM 1'!R39) | BI33: =IF('TERM 2'!R39="","",'TERM 2'!R39) | BJ33: =IF('TERM 3'!R39="","",'TERM 3'!R39) | BK33: =IF(COUNT(BH33:BJ33)<3,"",ROUND(AVERAGE(BH33:BJ33),0)) | BL33: =IF(BK33="","",IF(BK33>=75,"Passed","Failed")) | BM33: =IF(COUNT(R33,W33,AB33,AG33,AL33,AQ33,AV33,BA33)<8,"",ROUND(AVERAGE(R33,W33,AB33,AG33,AL33,AQ33,AV33,BA33),0)) | BN33: =IF(BM33="","",IF(BM33>=75,"Passed","Failed"))
A34: =IF($K34="","",IF('INPUT DATA'!F5="","",'INPUT DATA'!F5)) | B34: =IF($K34="","",IF('INPUT DATA'!F6="","",'INPUT DATA'!F6)) | C34: =IF($K34="","",IF('INPUT DATA'!F8="","",'INPUT DATA'!F8)) | D34: =IF($K34="","",IF('INPUT DATA'!F7="","",'INPUT DATA'!F7)) | E34: =IF($K34="","",IF('INPUT DATA'!F11="","",'INPUT DATA'!F11)) | F34: =IF($K34="","",IF('INPUT DATA'!F13="","",'INPUT DATA'!F13)) | G34: =IF($K34="","",IF('INPUT DATA'!F21="","",'INPUT DATA'!F21)) | H34: =IF($K34="","",IF('INPUT DATA'!F22="","",'INPUT DATA'!F22)) | I34: =IF($K34="","",IF('INPUT DATA'!F23="","",'INPUT DATA'!F23)) | J34: =IF($K34="","",IF('INPUT DATA'!F14="","",'INPUT DATA'!F14)) | K34: =IF('INPUT DATA'!L38="","",'INPUT DATA'!L38) | L34: =IF('INPUT DATA'!M38="","",'INPUT DATA'!M38) | M34: =IF('TERM 1'!H40="","",'TERM 1'!H40) | N34: =IF(K34="","","M") | O34: =IF('TERM 1'!J40="","",'TERM 1'!J40) | P34: =IF('TERM 2'!J40="","",'TERM 2'!J40) | Q34: =IF('TERM 3'!J40="","",'TERM 3'!J40) | R34: =IF(COUNT(O34:Q34)<3,"",ROUND(AVERAGE(O34:Q34),0)) | S34: =IF(R34="","",IF(R34>=75,"Passed","Failed")) | T34: =IF('TERM 1'!K40="","",'TERM 1'!K40) | U34: =IF('TERM 2'!K40="","",'TERM 2'!K40) | V34: =IF('TERM 3'!K40="","",'TERM 3'!K40) | W34: =IF(COUNT(T34:V34)<3,"",ROUND(AVERAGE(T34:V34),0)) | X34: =IF(W34="","",IF(W34>=75,"Passed","Failed")) | Y34: =IF('TERM 1'!L40="","",'TERM 1'!L40) | Z34: =IF('TERM 2'!L40="","",'TERM 2'!L40) | AA34: =IF('TERM 3'!L40="","",'TERM 3'!L40) | AB34: =IF(COUNT(Y34:AA34)<3,"",ROUND(AVERAGE(Y34:AA34),0)) | AC34: =IF(AB34="","",IF(AB34>=75,"Passed","Failed")) | AD34: =IF('TERM 1'!M40="","",'TERM 1'!M40) | AE34: =IF('TERM 2'!M40="","",'TERM 2'!M40) | AF34: =IF('TERM 3'!M40="","",'TERM 3'!M40) | AG34: =IF(COUNT(AD34:AF34)<3,"",ROUND(AVERAGE(AD34:AF34),0)) | AH34: =IF(AG34="","",IF(AG34>=75,"Passed","Failed")) | AI34: =IF('TERM 1'!N40="","",'TERM 1'!N40) | AJ34: =IF('TERM 2'!N40="","",'TERM 2'!N40) | AK34: =IF('TERM 3'!N40="","",'TERM 3'!N40) | AL34: =IF(COUNT(AI34:AK34)<3,"",ROUND(AVERAGE(AI34:AK34),0)) | AM34: =IF(AL34="","",IF(AL34>=75,"Passed","Failed")) | AN34: =IF('TERM 1'!O40="","",'TERM 1'!O40) | AO34: =IF('TERM 2'!O40="","",'TERM 2'!O40) | AP34: =IF('TERM 3'!O40="","",'TERM 3'!O40) | AQ34: =IF(COUNT(AN34:AP34)<3,"",ROUND(AVERAGE(AN34:AP34),0)) | AR34: =IF(AQ34="","",IF(AQ34>=75,"Passed","Failed")) | AS34: =IF('TERM 1'!P40="","",'TERM 1'!P40) | AT34: =IF('TERM 2'!P40="","",'TERM 2'!P40) | AU34: =IF('TERM 3'!P40="","",'TERM 3'!P40) | AV34: =IF(COUNT(AS34:AU34)<3,"",ROUND(AVERAGE(AS34:AU34),0)) | AW34: =IF(AV34="","",IF(AV34>=75,"Passed","Failed")) | AX34: =IF('TERM 1'!S40="","",'TERM 1'!S40) | AY34: =IF('TERM 2'!S40="","",'TERM 2'!S40) | AZ34: =IF('TERM 3'!S40="","",'TERM 3'!S40) | BA34: =IF(COUNT(AX34:AZ34)<3,"",ROUND(AVERAGE(AX34:AZ34),0)) | BB34: =IF(BA34="","",IF(BA34>=75,"Passed","Failed")) | BC34: =IF('TERM 1'!Q40="","",'TERM 1'!Q40) | BD34: =IF('TERM 2'!Q40="","",'TERM 2'!Q40) | BE34: =IF('TERM 3'!Q40="","",'TERM 3'!Q40) | BF34: =IF(COUNT(BC34:BE34)<3,"",ROUND(AVERAGE(BC34:BE34),0)) | BG34: =IF(BF34="","",IF(BF34>=75,"Passed","Failed")) | BH34: =IF('TERM 1'!R40="","",'TERM 1'!R40) | BI34: =IF('TERM 2'!R40="","",'TERM 2'!R40) | BJ34: =IF('TERM 3'!R40="","",'TERM 3'!R40) | BK34: =IF(COUNT(BH34:BJ34)<3,"",ROUND(AVERAGE(BH34:BJ34),0)) | BL34: =IF(BK34="","",IF(BK34>=75,"Passed","Failed")) | BM34: =IF(COUNT(R34,W34,AB34,AG34,AL34,AQ34,AV34,BA34)<8,"",ROUND(AVERAGE(R34,W34,AB34,AG34,AL34,AQ34,AV34,BA34),0)) | BN34: =IF(BM34="","",IF(BM34>=75,"Passed","Failed"))
A35: =IF($K35="","",IF('INPUT DATA'!F5="","",'INPUT DATA'!F5)) | B35: =IF($K35="","",IF('INPUT DATA'!F6="","",'INPUT DATA'!F6)) | C35: =IF($K35="","",IF('INPUT DATA'!F8="","",'INPUT DATA'!F8)) | D35: =IF($K35="","",IF('INPUT DATA'!F7="","",'INPUT DATA'!F7)) | E35: =IF($K35="","",IF('INPUT DATA'!F11="","",'INPUT DATA'!F11)) | F35: =IF($K35="","",IF('INPUT DATA'!F13="","",'INPUT DATA'!F13)) | G35: =IF($K35="","",IF('INPUT DATA'!F21="","",'INPUT DATA'!F21)) | H35: =IF($K35="","",IF('INPUT DATA'!F22="","",'INPUT DATA'!F22)) | I35: =IF($K35="","",IF('INPUT DATA'!F23="","",'INPUT DATA'!F23)) | J35: =IF($K35="","",IF('INPUT DATA'!F14="","",'INPUT DATA'!F14)) | K35: =IF('INPUT DATA'!L39="","",'INPUT DATA'!L39) | L35: =IF('INPUT DATA'!M39="","",'INPUT DATA'!M39) | M35: =IF('TERM 1'!H41="","",'TERM 1'!H41) | N35: =IF(K35="","","M") | O35: =IF('TERM 1'!J41="","",'TERM 1'!J41) | P35: =IF('TERM 2'!J41="","",'TERM 2'!J41) | Q35: =IF('TERM 3'!J41="","",'TERM 3'!J41) | R35: =IF(COUNT(O35:Q35)<3,"",ROUND(AVERAGE(O35:Q35),0)) | S35: =IF(R35="","",IF(R35>=75,"Passed","Failed")) | T35: =IF('TERM 1'!K41="","",'TERM 1'!K41) | U35: =IF('TERM 2'!K41="","",'TERM 2'!K41) | V35: =IF('TERM 3'!K41="","",'TERM 3'!K41) | W35: =IF(COUNT(T35:V35)<3,"",ROUND(AVERAGE(T35:V35),0)) | X35: =IF(W35="","",IF(W35>=75,"Passed","Failed")) | Y35: =IF('TERM 1'!L41="","",'TERM 1'!L41) | Z35: =IF('TERM 2'!L41="","",'TERM 2'!L41) | AA35: =IF('TERM 3'!L41="","",'TERM 3'!L41) | AB35: =IF(COUNT(Y35:AA35)<3,"",ROUND(AVERAGE(Y35:AA35),0)) | AC35: =IF(AB35="","",IF(AB35>=75,"Passed","Failed")) | AD35: =IF('TERM 1'!M41="","",'TERM 1'!M41) | AE35: =IF('TERM 2'!M41="","",'TERM 2'!M41) | AF35: =IF('TERM 3'!M41="","",'TERM 3'!M41) | AG35: =IF(COUNT(AD35:AF35)<3,"",ROUND(AVERAGE(AD35:AF35),0)) | AH35: =IF(AG35="","",IF(AG35>=75,"Passed","Failed")) | AI35: =IF('TERM 1'!N41="","",'TERM 1'!N41) | AJ35: =IF('TERM 2'!N41="","",'TERM 2'!N41) | AK35: =IF('TERM 3'!N41="","",'TERM 3'!N41) | AL35: =IF(COUNT(AI35:AK35)<3,"",ROUND(AVERAGE(AI35:AK35),0)) | AM35: =IF(AL35="","",IF(AL35>=75,"Passed","Failed")) | AN35: =IF('TERM 1'!O41="","",'TERM 1'!O41) | AO35: =IF('TERM 2'!O41="","",'TERM 2'!O41) | AP35: =IF('TERM 3'!O41="","",'TERM 3'!O41) | AQ35: =IF(COUNT(AN35:AP35)<3,"",ROUND(AVERAGE(AN35:AP35),0)) | AR35: =IF(AQ35="","",IF(AQ35>=75,"Passed","Failed")) | AS35: =IF('TERM 1'!P41="","",'TERM 1'!P41) | AT35: =IF('TERM 2'!P41="","",'TERM 2'!P41) | AU35: =IF('TERM 3'!P41="","",'TERM 3'!P41) | AV35: =IF(COUNT(AS35:AU35)<3,"",ROUND(AVERAGE(AS35:AU35),0)) | AW35: =IF(AV35="","",IF(AV35>=75,"Passed","Failed")) | AX35: =IF('TERM 1'!S41="","",'TERM 1'!S41) | AY35: =IF('TERM 2'!S41="","",'TERM 2'!S41) | AZ35: =IF('TERM 3'!S41="","",'TERM 3'!S41) | BA35: =IF(COUNT(AX35:AZ35)<3,"",ROUND(AVERAGE(AX35:AZ35),0)) | BB35: =IF(BA35="","",IF(BA35>=75,"Passed","Failed")) | BC35: =IF('TERM 1'!Q41="","",'TERM 1'!Q41) | BD35: =IF('TERM 2'!Q41="","",'TERM 2'!Q41) | BE35: =IF('TERM 3'!Q41="","",'TERM 3'!Q41) | BF35: =IF(COUNT(BC35:BE35)<3,"",ROUND(AVERAGE(BC35:BE35),0)) | BG35: =IF(BF35="","",IF(BF35>=75,"Passed","Failed")) | BH35: =IF('TERM 1'!R41="","",'TERM 1'!R41) | BI35: =IF('TERM 2'!R41="","",'TERM 2'!R41) | BJ35: =IF('TERM 3'!R41="","",'TERM 3'!R41) | BK35: =IF(COUNT(BH35:BJ35)<3,"",ROUND(AVERAGE(BH35:BJ35),0)) | BL35: =IF(BK35="","",IF(BK35>=75,"Passed","Failed")) | BM35: =IF(COUNT(R35,W35,AB35,AG35,AL35,AQ35,AV35,BA35)<8,"",ROUND(AVERAGE(R35,W35,AB35,AG35,AL35,AQ35,AV35,BA35),0)) | BN35: =IF(BM35="","",IF(BM35>=75,"Passed","Failed"))
A36: =IF($K36="","",IF('INPUT DATA'!F5="","",'INPUT DATA'!F5)) | B36: =IF($K36="","",IF('INPUT DATA'!F6="","",'INPUT DATA'!F6)) | C36: =IF($K36="","",IF('INPUT DATA'!F8="","",'INPUT DATA'!F8)) | D36: =IF($K36="","",IF('INPUT DATA'!F7="","",'INPUT DATA'!F7)) | E36: =IF($K36="","",IF('INPUT DATA'!F11="","",'INPUT DATA'!F11)) | F36: =IF($K36="","",IF('INPUT DATA'!F13="","",'INPUT DATA'!F13)) | G36: =IF($K36="","",IF('INPUT DATA'!F21="","",'INPUT DATA'!F21)) | H36: =IF($K36="","",IF('INPUT DATA'!F22="","",'INPUT DATA'!F22)) | I36: =IF($K36="","",IF('INPUT DATA'!F23="","",'INPUT DATA'!F23)) | J36: =IF($K36="","",IF('INPUT DATA'!F14="","",'INPUT DATA'!F14)) | K36: =IF('INPUT DATA'!L40="","",'INPUT DATA'!L40) | L36: =IF('INPUT DATA'!M40="","",'INPUT DATA'!M40) | M36: =IF('TERM 1'!H42="","",'TERM 1'!H42) | N36: =IF(K36="","","M") | O36: =IF('TERM 1'!J42="","",'TERM 1'!J42) | P36: =IF('TERM 2'!J42="","",'TERM 2'!J42) | Q36: =IF('TERM 3'!J42="","",'TERM 3'!J42) | R36: =IF(COUNT(O36:Q36)<3,"",ROUND(AVERAGE(O36:Q36),0)) | S36: =IF(R36="","",IF(R36>=75,"Passed","Failed")) | T36: =IF('TERM 1'!K42="","",'TERM 1'!K42) | U36: =IF('TERM 2'!K42="","",'TERM 2'!K42) | V36: =IF('TERM 3'!K42="","",'TERM 3'!K42) | W36: =IF(COUNT(T36:V36)<3,"",ROUND(AVERAGE(T36:V36),0)) | X36: =IF(W36="","",IF(W36>=75,"Passed","Failed")) | Y36: =IF('TERM 1'!L42="","",'TERM 1'!L42) | Z36: =IF('TERM 2'!L42="","",'TERM 2'!L42) | AA36: =IF('TERM 3'!L42="","",'TERM 3'!L42) | AB36: =IF(COUNT(Y36:AA36)<3,"",ROUND(AVERAGE(Y36:AA36),0)) | AC36: =IF(AB36="","",IF(AB36>=75,"Passed","Failed")) | AD36: =IF('TERM 1'!M42="","",'TERM 1'!M42) | AE36: =IF('TERM 2'!M42="","",'TERM 2'!M42) | AF36: =IF('TERM 3'!M42="","",'TERM 3'!M42) | AG36: =IF(COUNT(AD36:AF36)<3,"",ROUND(AVERAGE(AD36:AF36),0)) | AH36: =IF(AG36="","",IF(AG36>=75,"Passed","Failed")) | AI36: =IF('TERM 1'!N42="","",'TERM 1'!N42) | AJ36: =IF('TERM 2'!N42="","",'TERM 2'!N42) | AK36: =IF('TERM 3'!N42="","",'TERM 3'!N42) | AL36: =IF(COUNT(AI36:AK36)<3,"",ROUND(AVERAGE(AI36:AK36),0)) | AM36: =IF(AL36="","",IF(AL36>=75,"Passed","Failed")) | AN36: =IF('TERM 1'!O42="","",'TERM 1'!O42) | AO36: =IF('TERM 2'!O42="","",'TERM 2'!O42) | AP36: =IF('TERM 3'!O42="","",'TERM 3'!O42) | AQ36: =IF(COUNT(AN36:AP36)<3,"",ROUND(AVERAGE(AN36:AP36),0)) | AR36: =IF(AQ36="","",IF(AQ36>=75,"Passed","Failed")) | AS36: =IF('TERM 1'!P42="","",'TERM 1'!P42) | AT36: =IF('TERM 2'!P42="","",'TERM 2'!P42) | AU36: =IF('TERM 3'!P42="","",'TERM 3'!P42) | AV36: =IF(COUNT(AS36:AU36)<3,"",ROUND(AVERAGE(AS36:AU36),0)) | AW36: =IF(AV36="","",IF(AV36>=75,"Passed","Failed")) | AX36: =IF('TERM 1'!S42="","",'TERM 1'!S42) | AY36: =IF('TERM 2'!S42="","",'TERM 2'!S42) | AZ36: =IF('TERM 3'!S42="","",'TERM 3'!S42) | BA36: =IF(COUNT(AX36:AZ36)<3,"",ROUND(AVERAGE(AX36:AZ36),0)) | BB36: =IF(BA36="","",IF(BA36>=75,"Passed","Failed")) | BC36: =IF('TERM 1'!Q42="","",'TERM 1'!Q42) | BD36: =IF('TERM 2'!Q42="","",'TERM 2'!Q42) | BE36: =IF('TERM 3'!Q42="","",'TERM 3'!Q42) | BF36: =IF(COUNT(BC36:BE36)<3,"",ROUND(AVERAGE(BC36:BE36),0)) | BG36: =IF(BF36="","",IF(BF36>=75,"Passed","Failed")) | BH36: =IF('TERM 1'!R42="","",'TERM 1'!R42) | BI36: =IF('TERM 2'!R42="","",'TERM 2'!R42) | BJ36: =IF('TERM 3'!R42="","",'TERM 3'!R42) | BK36: =IF(COUNT(BH36:BJ36)<3,"",ROUND(AVERAGE(BH36:BJ36),0)) | BL36: =IF(BK36="","",IF(BK36>=75,"Passed","Failed")) | BM36: =IF(COUNT(R36,W36,AB36,AG36,AL36,AQ36,AV36,BA36)<8,"",ROUND(AVERAGE(R36,W36,AB36,AG36,AL36,AQ36,AV36,BA36),0)) | BN36: =IF(BM36="","",IF(BM36>=75,"Passed","Failed"))
A37: =IF($K37="","",IF('INPUT DATA'!F5="","",'INPUT DATA'!F5)) | B37: =IF($K37="","",IF('INPUT DATA'!F6="","",'INPUT DATA'!F6)) | C37: =IF($K37="","",IF('INPUT DATA'!F8="","",'INPUT DATA'!F8)) | D37: =IF($K37="","",IF('INPUT DATA'!F7="","",'INPUT DATA'!F7)) | E37: =IF($K37="","",IF('INPUT DATA'!F11="","",'INPUT DATA'!F11)) | F37: =IF($K37="","",IF('INPUT DATA'!F13="","",'INPUT DATA'!F13)) | G37: =IF($K37="","",IF('INPUT DATA'!F21="","",'INPUT DATA'!F21)) | H37: =IF($K37="","",IF('INPUT DATA'!F22="","",'INPUT DATA'!F22)) | I37: =IF($K37="","",IF('INPUT DATA'!F23="","",'INPUT DATA'!F23)) | J37: =IF($K37="","",IF('INPUT DATA'!F14="","",'INPUT DATA'!F14)) | K37: =IF('INPUT DATA'!L41="","",'INPUT DATA'!L41) | L37: =IF('INPUT DATA'!M41="","",'INPUT DATA'!M41) | M37: =IF('TERM 1'!H43="","",'TERM 1'!H43) | N37: =IF(K37="","","M") | O37: =IF('TERM 1'!J43="","",'TERM 1'!J43) | P37: =IF('TERM 2'!J43="","",'TERM 2'!J43) | Q37: =IF('TERM 3'!J43="","",'TERM 3'!J43) | R37: =IF(COUNT(O37:Q37)<3,"",ROUND(AVERAGE(O37:Q37),0)) | S37: =IF(R37="","",IF(R37>=75,"Passed","Failed")) | T37: =IF('TERM 1'!K43="","",'TERM 1'!K43) | U37: =IF('TERM 2'!K43="","",'TERM 2'!K43) | V37: =IF('TERM 3'!K43="","",'TERM 3'!K43) | W37: =IF(COUNT(T37:V37)<3,"",ROUND(AVERAGE(T37:V37),0)) | X37: =IF(W37="","",IF(W37>=75,"Passed","Failed")) | Y37: =IF('TERM 1'!L43="","",'TERM 1'!L43) | Z37: =IF('TERM 2'!L43="","",'TERM 2'!L43) | AA37: =IF('TERM 3'!L43="","",'TERM 3'!L43) | AB37: =IF(COUNT(Y37:AA37)<3,"",ROUND(AVERAGE(Y37:AA37),0)) | AC37: =IF(AB37="","",IF(AB37>=75,"Passed","Failed")) | AD37: =IF('TERM 1'!M43="","",'TERM 1'!M43) | AE37: =IF('TERM 2'!M43="","",'TERM 2'!M43) | AF37: =IF('TERM 3'!M43="","",'TERM 3'!M43) | AG37: =IF(COUNT(AD37:AF37)<3,"",ROUND(AVERAGE(AD37:AF37),0)) | AH37: =IF(AG37="","",IF(AG37>=75,"Passed","Failed")) | AI37: =IF('TERM 1'!N43="","",'TERM 1'!N43) | AJ37: =IF('TERM 2'!N43="","",'TERM 2'!N43) | AK37: =IF('TERM 3'!N43="","",'TERM 3'!N43) | AL37: =IF(COUNT(AI37:AK37)<3,"",ROUND(AVERAGE(AI37:AK37),0)) | AM37: =IF(AL37="","",IF(AL37>=75,"Passed","Failed")) | AN37: =IF('TERM 1'!O43="","",'TERM 1'!O43) | AO37: =IF('TERM 2'!O43="","",'TERM 2'!O43) | AP37: =IF('TERM 3'!O43="","",'TERM 3'!O43) | AQ37: =IF(COUNT(AN37:AP37)<3,"",ROUND(AVERAGE(AN37:AP37),0)) | AR37: =IF(AQ37="","",IF(AQ37>=75,"Passed","Failed")) | AS37: =IF('TERM 1'!P43="","",'TERM 1'!P43) | AT37: =IF('TERM 2'!P43="","",'TERM 2'!P43) | AU37: =IF('TERM 3'!P43="","",'TERM 3'!P43) | AV37: =IF(COUNT(AS37:AU37)<3,"",ROUND(AVERAGE(AS37:AU37),0)) | AW37: =IF(AV37="","",IF(AV37>=75,"Passed","Failed")) | AX37: =IF('TERM 1'!S43="","",'TERM 1'!S43) | AY37: =IF('TERM 2'!S43="","",'TERM 2'!S43) | AZ37: =IF('TERM 3'!S43="","",'TERM 3'!S43) | BA37: =IF(COUNT(AX37:AZ37)<3,"",ROUND(AVERAGE(AX37:AZ37),0)) | BB37: =IF(BA37="","",IF(BA37>=75,"Passed","Failed")) | BC37: =IF('TERM 1'!Q43="","",'TERM 1'!Q43) | BD37: =IF('TERM 2'!Q43="","",'TERM 2'!Q43) | BE37: =IF('TERM 3'!Q43="","",'TERM 3'!Q43) | BF37: =IF(COUNT(BC37:BE37)<3,"",ROUND(AVERAGE(BC37:BE37),0)) | BG37: =IF(BF37="","",IF(BF37>=75,"Passed","Failed")) | BH37: =IF('TERM 1'!R43="","",'TERM 1'!R43) | BI37: =IF('TERM 2'!R43="","",'TERM 2'!R43) | BJ37: =IF('TERM 3'!R43="","",'TERM 3'!R43) | BK37: =IF(COUNT(BH37:BJ37)<3,"",ROUND(AVERAGE(BH37:BJ37),0)) | BL37: =IF(BK37="","",IF(BK37>=75,"Passed","Failed")) | BM37: =IF(COUNT(R37,W37,AB37,AG37,AL37,AQ37,AV37,BA37)<8,"",ROUND(AVERAGE(R37,W37,AB37,AG37,AL37,AQ37,AV37,BA37),0)) | BN37: =IF(BM37="","",IF(BM37>=75,"Passed","Failed"))
A38: =IF($K38="","",IF('INPUT DATA'!F5="","",'INPUT DATA'!F5)) | B38: =IF($K38="","",IF('INPUT DATA'!F6="","",'INPUT DATA'!F6)) | C38: =IF($K38="","",IF('INPUT DATA'!F8="","",'INPUT DATA'!F8)) | D38: =IF($K38="","",IF('INPUT DATA'!F7="","",'INPUT DATA'!F7)) | E38: =IF($K38="","",IF('INPUT DATA'!F11="","",'INPUT DATA'!F11)) | F38: =IF($K38="","",IF('INPUT DATA'!F13="","",'INPUT DATA'!F13)) | G38: =IF($K38="","",IF('INPUT DATA'!F21="","",'INPUT DATA'!F21)) | H38: =IF($K38="","",IF('INPUT DATA'!F22="","",'INPUT DATA'!F22)) | I38: =IF($K38="","",IF('INPUT DATA'!F23="","",'INPUT DATA'!F23)) | J38: =IF($K38="","",IF('INPUT DATA'!F14="","",'INPUT DATA'!F14)) | K38: =IF('INPUT DATA'!L42="","",'INPUT DATA'!L42) | L38: =IF('INPUT DATA'!M42="","",'INPUT DATA'!M42) | M38: =IF('TERM 1'!H44="","",'TERM 1'!H44) | N38: =IF(K38="","","M") | O38: =IF('TERM 1'!J44="","",'TERM 1'!J44) | P38: =IF('TERM 2'!J44="","",'TERM 2'!J44) | Q38: =IF('TERM 3'!J44="","",'TERM 3'!J44) | R38: =IF(COUNT(O38:Q38)<3,"",ROUND(AVERAGE(O38:Q38),0)) | S38: =IF(R38="","",IF(R38>=75,"Passed","Failed")) | T38: =IF('TERM 1'!K44="","",'TERM 1'!K44) | U38: =IF('TERM 2'!K44="","",'TERM 2'!K44) | V38: =IF('TERM 3'!K44="","",'TERM 3'!K44) | W38: =IF(COUNT(T38:V38)<3,"",ROUND(AVERAGE(T38:V38),0)) | X38: =IF(W38="","",IF(W38>=75,"Passed","Failed")) | Y38: =IF('TERM 1'!L44="","",'TERM 1'!L44) | Z38: =IF('TERM 2'!L44="","",'TERM 2'!L44) | AA38: =IF('TERM 3'!L44="","",'TERM 3'!L44) | AB38: =IF(COUNT(Y38:AA38)<3,"",ROUND(AVERAGE(Y38:AA38),0)) | AC38: =IF(AB38="","",IF(AB38>=75,"Passed","Failed")) | AD38: =IF('TERM 1'!M44="","",'TERM 1'!M44) | AE38: =IF('TERM 2'!M44="","",'TERM 2'!M44) | AF38: =IF('TERM 3'!M44="","",'TERM 3'!M44) | AG38: =IF(COUNT(AD38:AF38)<3,"",ROUND(AVERAGE(AD38:AF38),0)) | AH38: =IF(AG38="","",IF(AG38>=75,"Passed","Failed")) | AI38: =IF('TERM 1'!N44="","",'TERM 1'!N44) | AJ38: =IF('TERM 2'!N44="","",'TERM 2'!N44) | AK38: =IF('TERM 3'!N44="","",'TERM 3'!N44) | AL38: =IF(COUNT(AI38:AK38)<3,"",ROUND(AVERAGE(AI38:AK38),0)) | AM38: =IF(AL38="","",IF(AL38>=75,"Passed","Failed")) | AN38: =IF('TERM 1'!O44="","",'TERM 1'!O44) | AO38: =IF('TERM 2'!O44="","",'TERM 2'!O44) | AP38: =IF('TERM 3'!O44="","",'TERM 3'!O44) | AQ38: =IF(COUNT(AN38:AP38)<3,"",ROUND(AVERAGE(AN38:AP38),0)) | AR38: =IF(AQ38="","",IF(AQ38>=75,"Passed","Failed")) | AS38: =IF('TERM 1'!P44="","",'TERM 1'!P44) | AT38: =IF('TERM 2'!P44="","",'TERM 2'!P44) | AU38: =IF('TERM 3'!P44="","",'TERM 3'!P44) | AV38: =IF(COUNT(AS38:AU38)<3,"",ROUND(AVERAGE(AS38:AU38),0)) | AW38: =IF(AV38="","",IF(AV38>=75,"Passed","Failed")) | AX38: =IF('TERM 1'!S44="","",'TERM 1'!S44) | AY38: =IF('TERM 2'!S44="","",'TERM 2'!S44) | AZ38: =IF('TERM 3'!S44="","",'TERM 3'!S44) | BA38: =IF(COUNT(AX38:AZ38)<3,"",ROUND(AVERAGE(AX38:AZ38),0)) | BB38: =IF(BA38="","",IF(BA38>=75,"Passed","Failed")) | BC38: =IF('TERM 1'!Q44="","",'TERM 1'!Q44) | BD38: =IF('TERM 2'!Q44="","",'TERM 2'!Q44) | BE38: =IF('TERM 3'!Q44="","",'TERM 3'!Q44) | BF38: =IF(COUNT(BC38:BE38)<3,"",ROUND(AVERAGE(BC38:BE38),0)) | BG38: =IF(BF38="","",IF(BF38>=75,"Passed","Failed")) | BH38: =IF('TERM 1'!R44="","",'TERM 1'!R44) | BI38: =IF('TERM 2'!R44="","",'TERM 2'!R44) | BJ38: =IF('TERM 3'!R44="","",'TERM 3'!R44) | BK38: =IF(COUNT(BH38:BJ38)<3,"",ROUND(AVERAGE(BH38:BJ38),0)) | BL38: =IF(BK38="","",IF(BK38>=75,"Passed","Failed")) | BM38: =IF(COUNT(R38,W38,AB38,AG38,AL38,AQ38,AV38,BA38)<8,"",ROUND(AVERAGE(R38,W38,AB38,AG38,AL38,AQ38,AV38,BA38),0)) | BN38: =IF(BM38="","",IF(BM38>=75,"Passed","Failed"))
A39: =IF($K39="","",IF('INPUT DATA'!F5="","",'INPUT DATA'!F5)) | B39: =IF($K39="","",IF('INPUT DATA'!F6="","",'INPUT DATA'!F6)) | C39: =IF($K39="","",IF('INPUT DATA'!F8="","",'INPUT DATA'!F8)) | D39: =IF($K39="","",IF('INPUT DATA'!F7="","",'INPUT DATA'!F7)) | E39: =IF($K39="","",IF('INPUT DATA'!F11="","",'INPUT DATA'!F11)) | F39: =IF($K39="","",IF('INPUT DATA'!F13="","",'INPUT DATA'!F13)) | G39: =IF($K39="","",IF('INPUT DATA'!F21="","",'INPUT DATA'!F21)) | H39: =IF($K39="","",IF('INPUT DATA'!F22="","",'INPUT DATA'!F22)) | I39: =IF($K39="","",IF('INPUT DATA'!F23="","",'INPUT DATA'!F23)) | J39: =IF($K39="","",IF('INPUT DATA'!F14="","",'INPUT DATA'!F14)) | K39: =IF('INPUT DATA'!L43="","",'INPUT DATA'!L43) | L39: =IF('INPUT DATA'!M43="","",'INPUT DATA'!M43) | M39: =IF('TERM 1'!H45="","",'TERM 1'!H45) | N39: =IF(K39="","","M") | O39: =IF('TERM 1'!J45="","",'TERM 1'!J45) | P39: =IF('TERM 2'!J45="","",'TERM 2'!J45) | Q39: =IF('TERM 3'!J45="","",'TERM 3'!J45) | R39: =IF(COUNT(O39:Q39)<3,"",ROUND(AVERAGE(O39:Q39),0)) | S39: =IF(R39="","",IF(R39>=75,"Passed","Failed")) | T39: =IF('TERM 1'!K45="","",'TERM 1'!K45) | U39: =IF('TERM 2'!K45="","",'TERM 2'!K45) | V39: =IF('TERM 3'!K45="","",'TERM 3'!K45) | W39: =IF(COUNT(T39:V39)<3,"",ROUND(AVERAGE(T39:V39),0)) | X39: =IF(W39="","",IF(W39>=75,"Passed","Failed")) | Y39: =IF('TERM 1'!L45="","",'TERM 1'!L45) | Z39: =IF('TERM 2'!L45="","",'TERM 2'!L45) | AA39: =IF('TERM 3'!L45="","",'TERM 3'!L45) | AB39: =IF(COUNT(Y39:AA39)<3,"",ROUND(AVERAGE(Y39:AA39),0)) | AC39: =IF(AB39="","",IF(AB39>=75,"Passed","Failed")) | AD39: =IF('TERM 1'!M45="","",'TERM 1'!M45) | AE39: =IF('TERM 2'!M45="","",'TERM 2'!M45) | AF39: =IF('TERM 3'!M45="","",'TERM 3'!M45) | AG39: =IF(COUNT(AD39:AF39)<3,"",ROUND(AVERAGE(AD39:AF39),0)) | AH39: =IF(AG39="","",IF(AG39>=75,"Passed","Failed")) | AI39: =IF('TERM 1'!N45="","",'TERM 1'!N45) | AJ39: =IF('TERM 2'!N45="","",'TERM 2'!N45) | AK39: =IF('TERM 3'!N45="","",'TERM 3'!N45) | AL39: =IF(COUNT(AI39:AK39)<3,"",ROUND(AVERAGE(AI39:AK39),0)) | AM39: =IF(AL39="","",IF(AL39>=75,"Passed","Failed")) | AN39: =IF('TERM 1'!O45="","",'TERM 1'!O45) | AO39: =IF('TERM 2'!O45="","",'TERM 2'!O45) | AP39: =IF('TERM 3'!O45="","",'TERM 3'!O45) | AQ39: =IF(COUNT(AN39:AP39)<3,"",ROUND(AVERAGE(AN39:AP39),0)) | AR39: =IF(AQ39="","",IF(AQ39>=75,"Passed","Failed")) | AS39: =IF('TERM 1'!P45="","",'TERM 1'!P45) | AT39: =IF('TERM 2'!P45="","",'TERM 2'!P45) | AU39: =IF('TERM 3'!P45="","",'TERM 3'!P45) | AV39: =IF(COUNT(AS39:AU39)<3,"",ROUND(AVERAGE(AS39:AU39),0)) | AW39: =IF(AV39="","",IF(AV39>=75,"Passed","Failed")) | AX39: =IF('TERM 1'!S45="","",'TERM 1'!S45) | AY39: =IF('TERM 2'!S45="","",'TERM 2'!S45) | AZ39: =IF('TERM 3'!S45="","",'TERM 3'!S45) | BA39: =IF(COUNT(AX39:AZ39)<3,"",ROUND(AVERAGE(AX39:AZ39),0)) | BB39: =IF(BA39="","",IF(BA39>=75,"Passed","Failed")) | BC39: =IF('TERM 1'!Q45="","",'TERM 1'!Q45) | BD39: =IF('TERM 2'!Q45="","",'TERM 2'!Q45) | BE39: =IF('TERM 3'!Q45="","",'TERM 3'!Q45) | BF39: =IF(COUNT(BC39:BE39)<3,"",ROUND(AVERAGE(BC39:BE39),0)) | BG39: =IF(BF39="","",IF(BF39>=75,"Passed","Failed")) | BH39: =IF('TERM 1'!R45="","",'TERM 1'!R45) | BI39: =IF('TERM 2'!R45="","",'TERM 2'!R45) | BJ39: =IF('TERM 3'!R45="","",'TERM 3'!R45) | BK39: =IF(COUNT(BH39:BJ39)<3,"",ROUND(AVERAGE(BH39:BJ39),0)) | BL39: =IF(BK39="","",IF(BK39>=75,"Passed","Failed")) | BM39: =IF(COUNT(R39,W39,AB39,AG39,AL39,AQ39,AV39,BA39)<8,"",ROUND(AVERAGE(R39,W39,AB39,AG39,AL39,AQ39,AV39,BA39),0)) | BN39: =IF(BM39="","",IF(BM39>=75,"Passed","Failed"))
A40: =IF($K40="","",IF('INPUT DATA'!F5="","",'INPUT DATA'!F5)) | B40: =IF($K40="","",IF('INPUT DATA'!F6="","",'INPUT DATA'!F6)) | C40: =IF($K40="","",IF('INPUT DATA'!F8="","",'INPUT DATA'!F8)) | D40: =IF($K40="","",IF('INPUT DATA'!F7="","",'INPUT DATA'!F7)) | E40: =IF($K40="","",IF('INPUT DATA'!F11="","",'INPUT DATA'!F11)) | F40: =IF($K40="","",IF('INPUT DATA'!F13="","",'INPUT DATA'!F13)) | G40: =IF($K40="","",IF('INPUT DATA'!F21="","",'INPUT DATA'!F21)) | H40: =IF($K40="","",IF('INPUT DATA'!F22="","",'INPUT DATA'!F22)) | I40: =IF($K40="","",IF('INPUT DATA'!F23="","",'INPUT DATA'!F23)) | J40: =IF($K40="","",IF('INPUT DATA'!F14="","",'INPUT DATA'!F14)) | K40: =IF('INPUT DATA'!L44="","",'INPUT DATA'!L44) | L40: =IF('INPUT DATA'!M44="","",'INPUT DATA'!M44) | M40: =IF('TERM 1'!H46="","",'TERM 1'!H46) | N40: =IF(K40="","","M") | O40: =IF('TERM 1'!J46="","",'TERM 1'!J46) | P40: =IF('TERM 2'!J46="","",'TERM 2'!J46) | Q40: =IF('TERM 3'!J46="","",'TERM 3'!J46) | R40: =IF(COUNT(O40:Q40)<3,"",ROUND(AVERAGE(O40:Q40),0)) | S40: =IF(R40="","",IF(R40>=75,"Passed","Failed")) | T40: =IF('TERM 1'!K46="","",'TERM 1'!K46) | U40: =IF('TERM 2'!K46="","",'TERM 2'!K46) | V40: =IF('TERM 3'!K46="","",'TERM 3'!K46) | W40: =IF(COUNT(T40:V40)<3,"",ROUND(AVERAGE(T40:V40),0)) | X40: =IF(W40="","",IF(W40>=75,"Passed","Failed")) | Y40: =IF('TERM 1'!L46="","",'TERM 1'!L46) | Z40: =IF('TERM 2'!L46="","",'TERM 2'!L46) | AA40: =IF('TERM 3'!L46="","",'TERM 3'!L46) | AB40: =IF(COUNT(Y40:AA40)<3,"",ROUND(AVERAGE(Y40:AA40),0)) | AC40: =IF(AB40="","",IF(AB40>=75,"Passed","Failed")) | AD40: =IF('TERM 1'!M46="","",'TERM 1'!M46) | AE40: =IF('TERM 2'!M46="","",'TERM 2'!M46) | AF40: =IF('TERM 3'!M46="","",'TERM 3'!M46) | AG40: =IF(COUNT(AD40:AF40)<3,"",ROUND(AVERAGE(AD40:AF40),0)) | AH40: =IF(AG40="","",IF(AG40>=75,"Passed","Failed")) | AI40: =IF('TERM 1'!N46="","",'TERM 1'!N46) | AJ40: =IF('TERM 2'!N46="","",'TERM 2'!N46) | AK40: =IF('TERM 3'!N46="","",'TERM 3'!N46) | AL40: =IF(COUNT(AI40:AK40)<3,"",ROUND(AVERAGE(AI40:AK40),0)) | AM40: =IF(AL40="","",IF(AL40>=75,"Passed","Failed")) | AN40: =IF('TERM 1'!O46="","",'TERM 1'!O46) | AO40: =IF('TERM 2'!O46="","",'TERM 2'!O46) | AP40: =IF('TERM 3'!O46="","",'TERM 3'!O46) | AQ40: =IF(COUNT(AN40:AP40)<3,"",ROUND(AVERAGE(AN40:AP40),0)) | AR40: =IF(AQ40="","",IF(AQ40>=75,"Passed","Failed")) | AS40: =IF('TERM 1'!P46="","",'TERM 1'!P46) | AT40: =IF('TERM 2'!P46="","",'TERM 2'!P46) | AU40: =IF('TERM 3'!P46="","",'TERM 3'!P46) | AV40: =IF(COUNT(AS40:AU40)<3,"",ROUND(AVERAGE(AS40:AU40),0)) | AW40: =IF(AV40="","",IF(AV40>=75,"Passed","Failed")) | AX40: =IF('TERM 1'!S46="","",'TERM 1'!S46) | AY40: =IF('TERM 2'!S46="","",'TERM 2'!S46) | AZ40: =IF('TERM 3'!S46="","",'TERM 3'!S46) | BA40: =IF(COUNT(AX40:AZ40)<3,"",ROUND(AVERAGE(AX40:AZ40),0)) | BB40: =IF(BA40="","",IF(BA40>=75,"Passed","Failed")) | BC40: =IF('TERM 1'!Q46="","",'TERM 1'!Q46) | BD40: =IF('TERM 2'!Q46="","",'TERM 2'!Q46) | BE40: =IF('TERM 3'!Q46="","",'TERM 3'!Q46) | BF40: =IF(COUNT(BC40:BE40)<3,"",ROUND(AVERAGE(BC40:BE40),0)) | BG40: =IF(BF40="","",IF(BF40>=75,"Passed","Failed")) | BH40: =IF('TERM 1'!R46="","",'TERM 1'!R46) | BI40: =IF('TERM 2'!R46="","",'TERM 2'!R46) | BJ40: =IF('TERM 3'!R46="","",'TERM 3'!R46) | BK40: =IF(COUNT(BH40:BJ40)<3,"",ROUND(AVERAGE(BH40:BJ40),0)) | BL40: =IF(BK40="","",IF(BK40>=75,"Passed","Failed")) | BM40: =IF(COUNT(R40,W40,AB40,AG40,AL40,AQ40,AV40,BA40)<8,"",ROUND(AVERAGE(R40,W40,AB40,AG40,AL40,AQ40,AV40,BA40),0)) | BN40: =IF(BM40="","",IF(BM40>=75,"Passed","Failed"))
A41: =IF($K41="","",IF('INPUT DATA'!F5="","",'INPUT DATA'!F5)) | B41: =IF($K41="","",IF('INPUT DATA'!F6="","",'INPUT DATA'!F6)) | C41: =IF($K41="","",IF('INPUT DATA'!F8="","",'INPUT DATA'!F8)) | D41: =IF($K41="","",IF('INPUT DATA'!F7="","",'INPUT DATA'!F7)) | E41: =IF($K41="","",IF('INPUT DATA'!F11="","",'INPUT DATA'!F11)) | F41: =IF($K41="","",IF('INPUT DATA'!F13="","",'INPUT DATA'!F13)) | G41: =IF($K41="","",IF('INPUT DATA'!F21="","",'INPUT DATA'!F21)) | H41: =IF($K41="","",IF('INPUT DATA'!F22="","",'INPUT DATA'!F22)) | I41: =IF($K41="","",IF('INPUT DATA'!F23="","",'INPUT DATA'!F23)) | J41: =IF($K41="","",IF('INPUT DATA'!F14="","",'INPUT DATA'!F14)) | K41: =IF('INPUT DATA'!L45="","",'INPUT DATA'!L45) | L41: =IF('INPUT DATA'!M45="","",'INPUT DATA'!M45) | M41: =IF('TERM 1'!H47="","",'TERM 1'!H47) | N41: =IF(K41="","","M") | O41: =IF('TERM 1'!J47="","",'TERM 1'!J47) | P41: =IF('TERM 2'!J47="","",'TERM 2'!J47) | Q41: =IF('TERM 3'!J47="","",'TERM 3'!J47) | R41: =IF(COUNT(O41:Q41)<3,"",ROUND(AVERAGE(O41:Q41),0)) | S41: =IF(R41="","",IF(R41>=75,"Passed","Failed")) | T41: =IF('TERM 1'!K47="","",'TERM 1'!K47) | U41: =IF('TERM 2'!K47="","",'TERM 2'!K47) | V41: =IF('TERM 3'!K47="","",'TERM 3'!K47) | W41: =IF(COUNT(T41:V41)<3,"",ROUND(AVERAGE(T41:V41),0)) | X41: =IF(W41="","",IF(W41>=75,"Passed","Failed")) | Y41: =IF('TERM 1'!L47="","",'TERM 1'!L47) | Z41: =IF('TERM 2'!L47="","",'TERM 2'!L47) | AA41: =IF('TERM 3'!L47="","",'TERM 3'!L47) | AB41: =IF(COUNT(Y41:AA41)<3,"",ROUND(AVERAGE(Y41:AA41),0)) | AC41: =IF(AB41="","",IF(AB41>=75,"Passed","Failed")) | AD41: =IF('TERM 1'!M47="","",'TERM 1'!M47) | AE41: =IF('TERM 2'!M47="","",'TERM 2'!M47) | AF41: =IF('TERM 3'!M47="","",'TERM 3'!M47) | AG41: =IF(COUNT(AD41:AF41)<3,"",ROUND(AVERAGE(AD41:AF41),0)) | AH41: =IF(AG41="","",IF(AG41>=75,"Passed","Failed")) | AI41: =IF('TERM 1'!N47="","",'TERM 1'!N47) | AJ41: =IF('TERM 2'!N47="","",'TERM 2'!N47) | AK41: =IF('TERM 3'!N47="","",'TERM 3'!N47) | AL41: =IF(COUNT(AI41:AK41)<3,"",ROUND(AVERAGE(AI41:AK41),0)) | AM41: =IF(AL41="","",IF(AL41>=75,"Passed","Failed")) | AN41: =IF('TERM 1'!O47="","",'TERM 1'!O47) | AO41: =IF('TERM 2'!O47="","",'TERM 2'!O47) | AP41: =IF('TERM 3'!O47="","",'TERM 3'!O47) | AQ41: =IF(COUNT(AN41:AP41)<3,"",ROUND(AVERAGE(AN41:AP41),0)) | AR41: =IF(AQ41="","",IF(AQ41>=75,"Passed","Failed")) | AS41: =IF('TERM 1'!P47="","",'TERM 1'!P47) | AT41: =IF('TERM 2'!P47="","",'TERM 2'!P47) | AU41: =IF('TERM 3'!P47="","",'TERM 3'!P47) | AV41: =IF(COUNT(AS41:AU41)<3,"",ROUND(AVERAGE(AS41:AU41),0)) | AW41: =IF(AV41="","",IF(AV41>=75,"Passed","Failed")) | AX41: =IF('TERM 1'!S47="","",'TERM 1'!S47) | AY41: =IF('TERM 2'!S47="","",'TERM 2'!S47) | AZ41: =IF('TERM 3'!S47="","",'TERM 3'!S47) | BA41: =IF(COUNT(AX41:AZ41)<3,"",ROUND(AVERAGE(AX41:AZ41),0)) | BB41: =IF(BA41="","",IF(BA41>=75,"Passed","Failed")) | BC41: =IF('TERM 1'!Q47="","",'TERM 1'!Q47) | BD41: =IF('TERM 2'!Q47="","",'TERM 2'!Q47) | BE41: =IF('TERM 3'!Q47="","",'TERM 3'!Q47) | BF41: =IF(COUNT(BC41:BE41)<3,"",ROUND(AVERAGE(BC41:BE41),0)) | BG41: =IF(BF41="","",IF(BF41>=75,"Passed","Failed")) | BH41: =IF('TERM 1'!R47="","",'TERM 1'!R47) | BI41: =IF('TERM 2'!R47="","",'TERM 2'!R47) | BJ41: =IF('TERM 3'!R47="","",'TERM 3'!R47) | BK41: =IF(COUNT(BH41:BJ41)<3,"",ROUND(AVERAGE(BH41:BJ41),0)) | BL41: =IF(BK41="","",IF(BK41>=75,"Passed","Failed")) | BM41: =IF(COUNT(R41,W41,AB41,AG41,AL41,AQ41,AV41,BA41)<8,"",ROUND(AVERAGE(R41,W41,AB41,AG41,AL41,AQ41,AV41,BA41),0)) | BN41: =IF(BM41="","",IF(BM41>=75,"Passed","Failed"))
A42: =IF($K42="","",IF('INPUT DATA'!F5="","",'INPUT DATA'!F5)) | B42: =IF($K42="","",IF('INPUT DATA'!F6="","",'INPUT DATA'!F6)) | C42: =IF($K42="","",IF('INPUT DATA'!F8="","",'INPUT DATA'!F8)) | D42: =IF($K42="","",IF('INPUT DATA'!F7="","",'INPUT DATA'!F7)) | E42: =IF($K42="","",IF('INPUT DATA'!F11="","",'INPUT DATA'!F11)) | F42: =IF($K42="","",IF('INPUT DATA'!F13="","",'INPUT DATA'!F13)) | G42: =IF($K42="","",IF('INPUT DATA'!F21="","",'INPUT DATA'!F21)) | H42: =IF($K42="","",IF('INPUT DATA'!F22="","",'INPUT DATA'!F22)) | I42: =IF($K42="","",IF('INPUT DATA'!F23="","",'INPUT DATA'!F23)) | J42: =IF($K42="","",IF('INPUT DATA'!F14="","",'INPUT DATA'!F14)) | K42: =IF('INPUT DATA'!L46="","",'INPUT DATA'!L46) | L42: =IF('INPUT DATA'!M46="","",'INPUT DATA'!M46) | M42: =IF('TERM 1'!H48="","",'TERM 1'!H48) | N42: =IF(K42="","","M") | O42: =IF('TERM 1'!J48="","",'TERM 1'!J48) | P42: =IF('TERM 2'!J48="","",'TERM 2'!J48) | Q42: =IF('TERM 3'!J48="","",'TERM 3'!J48) | R42: =IF(COUNT(O42:Q42)<3,"",ROUND(AVERAGE(O42:Q42),0)) | S42: =IF(R42="","",IF(R42>=75,"Passed","Failed")) | T42: =IF('TERM 1'!K48="","",'TERM 1'!K48) | U42: =IF('TERM 2'!K48="","",'TERM 2'!K48) | V42: =IF('TERM 3'!K48="","",'TERM 3'!K48) | W42: =IF(COUNT(T42:V42)<3,"",ROUND(AVERAGE(T42:V42),0)) | X42: =IF(W42="","",IF(W42>=75,"Passed","Failed")) | Y42: =IF('TERM 1'!L48="","",'TERM 1'!L48) | Z42: =IF('TERM 2'!L48="","",'TERM 2'!L48) | AA42: =IF('TERM 3'!L48="","",'TERM 3'!L48) | AB42: =IF(COUNT(Y42:AA42)<3,"",ROUND(AVERAGE(Y42:AA42),0)) | AC42: =IF(AB42="","",IF(AB42>=75,"Passed","Failed")) | AD42: =IF('TERM 1'!M48="","",'TERM 1'!M48) | AE42: =IF('TERM 2'!M48="","",'TERM 2'!M48) | AF42: =IF('TERM 3'!M48="","",'TERM 3'!M48) | AG42: =IF(COUNT(AD42:AF42)<3,"",ROUND(AVERAGE(AD42:AF42),0)) | AH42: =IF(AG42="","",IF(AG42>=75,"Passed","Failed")) | AI42: =IF('TERM 1'!N48="","",'TERM 1'!N48) | AJ42: =IF('TERM 2'!N48="","",'TERM 2'!N48) | AK42: =IF('TERM 3'!N48="","",'TERM 3'!N48) | AL42: =IF(COUNT(AI42:AK42)<3,"",ROUND(AVERAGE(AI42:AK42),0)) | AM42: =IF(AL42="","",IF(AL42>=75,"Passed","Failed")) | AN42: =IF('TERM 1'!O48="","",'TERM 1'!O48) | AO42: =IF('TERM 2'!O48="","",'TERM 2'!O48) | AP42: =IF('TERM 3'!O48="","",'TERM 3'!O48) | AQ42: =IF(COUNT(AN42:AP42)<3,"",ROUND(AVERAGE(AN42:AP42),0)) | AR42: =IF(AQ42="","",IF(AQ42>=75,"Passed","Failed")) | AS42: =IF('TERM 1'!P48="","",'TERM 1'!P48) | AT42: =IF('TERM 2'!P48="","",'TERM 2'!P48) | AU42: =IF('TERM 3'!P48="","",'TERM 3'!P48) | AV42: =IF(COUNT(AS42:AU42)<3,"",ROUND(AVERAGE(AS42:AU42),0)) | AW42: =IF(AV42="","",IF(AV42>=75,"Passed","Failed")) | AX42: =IF('TERM 1'!S48="","",'TERM 1'!S48) | AY42: =IF('TERM 2'!S48="","",'TERM 2'!S48) | AZ42: =IF('TERM 3'!S48="","",'TERM 3'!S48) | BA42: =IF(COUNT(AX42:AZ42)<3,"",ROUND(AVERAGE(AX42:AZ42),0)) | BB42: =IF(BA42="","",IF(BA42>=75,"Passed","Failed")) | BC42: =IF('TERM 1'!Q48="","",'TERM 1'!Q48) | BD42: =IF('TERM 2'!Q48="","",'TERM 2'!Q48) | BE42: =IF('TERM 3'!Q48="","",'TERM 3'!Q48) | BF42: =IF(COUNT(BC42:BE42)<3,"",ROUND(AVERAGE(BC42:BE42),0)) | BG42: =IF(BF42="","",IF(BF42>=75,"Passed","Failed")) | BH42: =IF('TERM 1'!R48="","",'TERM 1'!R48) | BI42: =IF('TERM 2'!R48="","",'TERM 2'!R48) | BJ42: =IF('TERM 3'!R48="","",'TERM 3'!R48) | BK42: =IF(COUNT(BH42:BJ42)<3,"",ROUND(AVERAGE(BH42:BJ42),0)) | BL42: =IF(BK42="","",IF(BK42>=75,"Passed","Failed")) | BM42: =IF(COUNT(R42,W42,AB42,AG42,AL42,AQ42,AV42,BA42)<8,"",ROUND(AVERAGE(R42,W42,AB42,AG42,AL42,AQ42,AV42,BA42),0)) | BN42: =IF(BM42="","",IF(BM42>=75,"Passed","Failed"))
A43: =IF($K43="","",IF('INPUT DATA'!F5="","",'INPUT DATA'!F5)) | B43: =IF($K43="","",IF('INPUT DATA'!F6="","",'INPUT DATA'!F6)) | C43: =IF($K43="","",IF('INPUT DATA'!F8="","",'INPUT DATA'!F8)) | D43: =IF($K43="","",IF('INPUT DATA'!F7="","",'INPUT DATA'!F7)) | E43: =IF($K43="","",IF('INPUT DATA'!F11="","",'INPUT DATA'!F11)) | F43: =IF($K43="","",IF('INPUT DATA'!F13="","",'INPUT DATA'!F13)) | G43: =IF($K43="","",IF('INPUT DATA'!F21="","",'INPUT DATA'!F21)) | H43: =IF($K43="","",IF('INPUT DATA'!F22="","",'INPUT DATA'!F22)) | I43: =IF($K43="","",IF('INPUT DATA'!F23="","",'INPUT DATA'!F23)) | J43: =IF($K43="","",IF('INPUT DATA'!F14="","",'INPUT DATA'!F14)) | K43: =IF('INPUT DATA'!L47="","",'INPUT DATA'!L47) | L43: =IF('INPUT DATA'!M47="","",'INPUT DATA'!M47) | M43: =IF('TERM 1'!H49="","",'TERM 1'!H49) | N43: =IF(K43="","","M") | O43: =IF('TERM 1'!J49="","",'TERM 1'!J49) | P43: =IF('TERM 2'!J49="","",'TERM 2'!J49) | Q43: =IF('TERM 3'!J49="","",'TERM 3'!J49) | R43: =IF(COUNT(O43:Q43)<3,"",ROUND(AVERAGE(O43:Q43),0)) | S43: =IF(R43="","",IF(R43>=75,"Passed","Failed")) | T43: =IF('TERM 1'!K49="","",'TERM 1'!K49) | U43: =IF('TERM 2'!K49="","",'TERM 2'!K49) | V43: =IF('TERM 3'!K49="","",'TERM 3'!K49) | W43: =IF(COUNT(T43:V43)<3,"",ROUND(AVERAGE(T43:V43),0)) | X43: =IF(W43="","",IF(W43>=75,"Passed","Failed")) | Y43: =IF('TERM 1'!L49="","",'TERM 1'!L49) | Z43: =IF('TERM 2'!L49="","",'TERM 2'!L49) | AA43: =IF('TERM 3'!L49="","",'TERM 3'!L49) | AB43: =IF(COUNT(Y43:AA43)<3,"",ROUND(AVERAGE(Y43:AA43),0)) | AC43: =IF(AB43="","",IF(AB43>=75,"Passed","Failed")) | AD43: =IF('TERM 1'!M49="","",'TERM 1'!M49) | AE43: =IF('TERM 2'!M49="","",'TERM 2'!M49) | AF43: =IF('TERM 3'!M49="","",'TERM 3'!M49) | AG43: =IF(COUNT(AD43:AF43)<3,"",ROUND(AVERAGE(AD43:AF43),0)) | AH43: =IF(AG43="","",IF(AG43>=75,"Passed","Failed")) | AI43: =IF('TERM 1'!N49="","",'TERM 1'!N49) | AJ43: =IF('TERM 2'!N49="","",'TERM 2'!N49) | AK43: =IF('TERM 3'!N49="","",'TERM 3'!N49) | AL43: =IF(COUNT(AI43:AK43)<3,"",ROUND(AVERAGE(AI43:AK43),0)) | AM43: =IF(AL43="","",IF(AL43>=75,"Passed","Failed")) | AN43: =IF('TERM 1'!O49="","",'TERM 1'!O49) | AO43: =IF('TERM 2'!O49="","",'TERM 2'!O49) | AP43: =IF('TERM 3'!O49="","",'TERM 3'!O49) | AQ43: =IF(COUNT(AN43:AP43)<3,"",ROUND(AVERAGE(AN43:AP43),0)) | AR43: =IF(AQ43="","",IF(AQ43>=75,"Passed","Failed")) | AS43: =IF('TERM 1'!P49="","",'TERM 1'!P49) | AT43: =IF('TERM 2'!P49="","",'TERM 2'!P49) | AU43: =IF('TERM 3'!P49="","",'TERM 3'!P49) | AV43: =IF(COUNT(AS43:AU43)<3,"",ROUND(AVERAGE(AS43:AU43),0)) | AW43: =IF(AV43="","",IF(AV43>=75,"Passed","Failed")) | AX43: =IF('TERM 1'!S49="","",'TERM 1'!S49) | AY43: =IF('TERM 2'!S49="","",'TERM 2'!S49) | AZ43: =IF('TERM 3'!S49="","",'TERM 3'!S49) | BA43: =IF(COUNT(AX43:AZ43)<3,"",ROUND(AVERAGE(AX43:AZ43),0)) | BB43: =IF(BA43="","",IF(BA43>=75,"Passed","Failed")) | BC43: =IF('TERM 1'!Q49="","",'TERM 1'!Q49) | BD43: =IF('TERM 2'!Q49="","",'TERM 2'!Q49) | BE43: =IF('TERM 3'!Q49="","",'TERM 3'!Q49) | BF43: =IF(COUNT(BC43:BE43)<3,"",ROUND(AVERAGE(BC43:BE43),0)) | BG43: =IF(BF43="","",IF(BF43>=75,"Passed","Failed")) | BH43: =IF('TERM 1'!R49="","",'TERM 1'!R49) | BI43: =IF('TERM 2'!R49="","",'TERM 2'!R49) | BJ43: =IF('TERM 3'!R49="","",'TERM 3'!R49) | BK43: =IF(COUNT(BH43:BJ43)<3,"",ROUND(AVERAGE(BH43:BJ43),0)) | BL43: =IF(BK43="","",IF(BK43>=75,"Passed","Failed")) | BM43: =IF(COUNT(R43,W43,AB43,AG43,AL43,AQ43,AV43,BA43)<8,"",ROUND(AVERAGE(R43,W43,AB43,AG43,AL43,AQ43,AV43,BA43),0)) | BN43: =IF(BM43="","",IF(BM43>=75,"Passed","Failed"))
A44: =IF($K44="","",IF('INPUT DATA'!F5="","",'INPUT DATA'!F5)) | B44: =IF($K44="","",IF('INPUT DATA'!F6="","",'INPUT DATA'!F6)) | C44: =IF($K44="","",IF('INPUT DATA'!F8="","",'INPUT DATA'!F8)) | D44: =IF($K44="","",IF('INPUT DATA'!F7="","",'INPUT DATA'!F7)) | E44: =IF($K44="","",IF('INPUT DATA'!F11="","",'INPUT DATA'!F11)) | F44: =IF($K44="","",IF('INPUT DATA'!F13="","",'INPUT DATA'!F13)) | G44: =IF($K44="","",IF('INPUT DATA'!F21="","",'INPUT DATA'!F21)) | H44: =IF($K44="","",IF('INPUT DATA'!F22="","",'INPUT DATA'!F22)) | I44: =IF($K44="","",IF('INPUT DATA'!F23="","",'INPUT DATA'!F23)) | J44: =IF($K44="","",IF('INPUT DATA'!F14="","",'INPUT DATA'!F14)) | K44: =IF('INPUT DATA'!L48="","",'INPUT DATA'!L48) | L44: =IF('INPUT DATA'!M48="","",'INPUT DATA'!M48) | M44: =IF('TERM 1'!H50="","",'TERM 1'!H50) | N44: =IF(K44="","","M") | O44: =IF('TERM 1'!J50="","",'TERM 1'!J50) | P44: =IF('TERM 2'!J50="","",'TERM 2'!J50) | Q44: =IF('TERM 3'!J50="","",'TERM 3'!J50) | R44: =IF(COUNT(O44:Q44)<3,"",ROUND(AVERAGE(O44:Q44),0)) | S44: =IF(R44="","",IF(R44>=75,"Passed","Failed")) | T44: =IF('TERM 1'!K50="","",'TERM 1'!K50) | U44: =IF('TERM 2'!K50="","",'TERM 2'!K50) | V44: =IF('TERM 3'!K50="","",'TERM 3'!K50) | W44: =IF(COUNT(T44:V44)<3,"",ROUND(AVERAGE(T44:V44),0)) | X44: =IF(W44="","",IF(W44>=75,"Passed","Failed")) | Y44: =IF('TERM 1'!L50="","",'TERM 1'!L50) | Z44: =IF('TERM 2'!L50="","",'TERM 2'!L50) | AA44: =IF('TERM 3'!L50="","",'TERM 3'!L50) | AB44: =IF(COUNT(Y44:AA44)<3,"",ROUND(AVERAGE(Y44:AA44),0)) | AC44: =IF(AB44="","",IF(AB44>=75,"Passed","Failed")) | AD44: =IF('TERM 1'!M50="","",'TERM 1'!M50) | AE44: =IF('TERM 2'!M50="","",'TERM 2'!M50) | AF44: =IF('TERM 3'!M50="","",'TERM 3'!M50) | AG44: =IF(COUNT(AD44:AF44)<3,"",ROUND(AVERAGE(AD44:AF44),0)) | AH44: =IF(AG44="","",IF(AG44>=75,"Passed","Failed")) | AI44: =IF('TERM 1'!N50="","",'TERM 1'!N50) | AJ44: =IF('TERM 2'!N50="","",'TERM 2'!N50) | AK44: =IF('TERM 3'!N50="","",'TERM 3'!N50) | AL44: =IF(COUNT(AI44:AK44)<3,"",ROUND(AVERAGE(AI44:AK44),0)) | AM44: =IF(AL44="","",IF(AL44>=75,"Passed","Failed")) | AN44: =IF('TERM 1'!O50="","",'TERM 1'!O50) | AO44: =IF('TERM 2'!O50="","",'TERM 2'!O50) | AP44: =IF('TERM 3'!O50="","",'TERM 3'!O50) | AQ44: =IF(COUNT(AN44:AP44)<3,"",ROUND(AVERAGE(AN44:AP44),0)) | AR44: =IF(AQ44="","",IF(AQ44>=75,"Passed","Failed")) | AS44: =IF('TERM 1'!P50="","",'TERM 1'!P50) | AT44: =IF('TERM 2'!P50="","",'TERM 2'!P50) | AU44: =IF('TERM 3'!P50="","",'TERM 3'!P50) | AV44: =IF(COUNT(AS44:AU44)<3,"",ROUND(AVERAGE(AS44:AU44),0)) | AW44: =IF(AV44="","",IF(AV44>=75,"Passed","Failed")) | AX44: =IF('TERM 1'!S50="","",'TERM 1'!S50) | AY44: =IF('TERM 2'!S50="","",'TERM 2'!S50) | AZ44: =IF('TERM 3'!S50="","",'TERM 3'!S50) | BA44: =IF(COUNT(AX44:AZ44)<3,"",ROUND(AVERAGE(AX44:AZ44),0)) | BB44: =IF(BA44="","",IF(BA44>=75,"Passed","Failed")) | BC44: =IF('TERM 1'!Q50="","",'TERM 1'!Q50) | BD44: =IF('TERM 2'!Q50="","",'TERM 2'!Q50) | BE44: =IF('TERM 3'!Q50="","",'TERM 3'!Q50) | BF44: =IF(COUNT(BC44:BE44)<3,"",ROUND(AVERAGE(BC44:BE44),0)) | BG44: =IF(BF44="","",IF(BF44>=75,"Passed","Failed")) | BH44: =IF('TERM 1'!R50="","",'TERM 1'!R50) | BI44: =IF('TERM 2'!R50="","",'TERM 2'!R50) | BJ44: =IF('TERM 3'!R50="","",'TERM 3'!R50) | BK44: =IF(COUNT(BH44:BJ44)<3,"",ROUND(AVERAGE(BH44:BJ44),0)) | BL44: =IF(BK44="","",IF(BK44>=75,"Passed","Failed")) | BM44: =IF(COUNT(R44,W44,AB44,AG44,AL44,AQ44,AV44,BA44)<8,"",ROUND(AVERAGE(R44,W44,AB44,AG44,AL44,AQ44,AV44,BA44),0)) | BN44: =IF(BM44="","",IF(BM44>=75,"Passed","Failed"))
A45: =IF($K45="","",IF('INPUT DATA'!F5="","",'INPUT DATA'!F5)) | B45: =IF($K45="","",IF('INPUT DATA'!F6="","",'INPUT DATA'!F6)) | C45: =IF($K45="","",IF('INPUT DATA'!F8="","",'INPUT DATA'!F8)) | D45: =IF($K45="","",IF('INPUT DATA'!F7="","",'INPUT DATA'!F7)) | E45: =IF($K45="","",IF('INPUT DATA'!F11="","",'INPUT DATA'!F11)) | F45: =IF($K45="","",IF('INPUT DATA'!F13="","",'INPUT DATA'!F13)) | G45: =IF($K45="","",IF('INPUT DATA'!F21="","",'INPUT DATA'!F21)) | H45: =IF($K45="","",IF('INPUT DATA'!F22="","",'INPUT DATA'!F22)) | I45: =IF($K45="","",IF('INPUT DATA'!F23="","",'INPUT DATA'!F23)) | J45: =IF($K45="","",IF('INPUT DATA'!F14="","",'INPUT DATA'!F14)) | K45: =IF('INPUT DATA'!L49="","",'INPUT DATA'!L49) | L45: =IF('INPUT DATA'!M49="","",'INPUT DATA'!M49) | M45: =IF('TERM 1'!H51="","",'TERM 1'!H51) | N45: =IF(K45="","","M") | O45: =IF('TERM 1'!J51="","",'TERM 1'!J51) | P45: =IF('TERM 2'!J51="","",'TERM 2'!J51) | Q45: =IF('TERM 3'!J51="","",'TERM 3'!J51) | R45: =IF(COUNT(O45:Q45)<3,"",ROUND(AVERAGE(O45:Q45),0)) | S45: =IF(R45="","",IF(R45>=75,"Passed","Failed")) | T45: =IF('TERM 1'!K51="","",'TERM 1'!K51) | U45: =IF('TERM 2'!K51="","",'TERM 2'!K51) | V45: =IF('TERM 3'!K51="","",'TERM 3'!K51) | W45: =IF(COUNT(T45:V45)<3,"",ROUND(AVERAGE(T45:V45),0)) | X45: =IF(W45="","",IF(W45>=75,"Passed","Failed")) | Y45: =IF('TERM 1'!L51="","",'TERM 1'!L51) | Z45: =IF('TERM 2'!L51="","",'TERM 2'!L51) | AA45: =IF('TERM 3'!L51="","",'TERM 3'!L51) | AB45: =IF(COUNT(Y45:AA45)<3,"",ROUND(AVERAGE(Y45:AA45),0)) | AC45: =IF(AB45="","",IF(AB45>=75,"Passed","Failed")) | AD45: =IF('TERM 1'!M51="","",'TERM 1'!M51) | AE45: =IF('TERM 2'!M51="","",'TERM 2'!M51) | AF45: =IF('TERM 3'!M51="","",'TERM 3'!M51) | AG45: =IF(COUNT(AD45:AF45)<3,"",ROUND(AVERAGE(AD45:AF45),0)) | AH45: =IF(AG45="","",IF(AG45>=75,"Passed","Failed")) | AI45: =IF('TERM 1'!N51="","",'TERM 1'!N51) | AJ45: =IF('TERM 2'!N51="","",'TERM 2'!N51) | AK45: =IF('TERM 3'!N51="","",'TERM 3'!N51) | AL45: =IF(COUNT(AI45:AK45)<3,"",ROUND(AVERAGE(AI45:AK45),0)) | AM45: =IF(AL45="","",IF(AL45>=75,"Passed","Failed")) | AN45: =IF('TERM 1'!O51="","",'TERM 1'!O51) | AO45: =IF('TERM 2'!O51="","",'TERM 2'!O51) | AP45: =IF('TERM 3'!O51="","",'TERM 3'!O51) | AQ45: =IF(COUNT(AN45:AP45)<3,"",ROUND(AVERAGE(AN45:AP45),0)) | AR45: =IF(AQ45="","",IF(AQ45>=75,"Passed","Failed")) | AS45: =IF('TERM 1'!P51="","",'TERM 1'!P51) | AT45: =IF('TERM 2'!P51="","",'TERM 2'!P51) | AU45: =IF('TERM 3'!P51="","",'TERM 3'!P51) | AV45: =IF(COUNT(AS45:AU45)<3,"",ROUND(AVERAGE(AS45:AU45),0)) | AW45: =IF(AV45="","",IF(AV45>=75,"Passed","Failed")) | AX45: =IF('TERM 1'!S51="","",'TERM 1'!S51) | AY45: =IF('TERM 2'!S51="","",'TERM 2'!S51) | AZ45: =IF('TERM 3'!S51="","",'TERM 3'!S51) | BA45: =IF(COUNT(AX45:AZ45)<3,"",ROUND(AVERAGE(AX45:AZ45),0)) | BB45: =IF(BA45="","",IF(BA45>=75,"Passed","Failed")) | BC45: =IF('TERM 1'!Q51="","",'TERM 1'!Q51) | BD45: =IF('TERM 2'!Q51="","",'TERM 2'!Q51) | BE45: =IF('TERM 3'!Q51="","",'TERM 3'!Q51) | BF45: =IF(COUNT(BC45:BE45)<3,"",ROUND(AVERAGE(BC45:BE45),0)) | BG45: =IF(BF45="","",IF(BF45>=75,"Passed","Failed")) | BH45: =IF('TERM 1'!R51="","",'TERM 1'!R51) | BI45: =IF('TERM 2'!R51="","",'TERM 2'!R51) | BJ45: =IF('TERM 3'!R51="","",'TERM 3'!R51) | BK45: =IF(COUNT(BH45:BJ45)<3,"",ROUND(AVERAGE(BH45:BJ45),0)) | BL45: =IF(BK45="","",IF(BK45>=75,"Passed","Failed")) | BM45: =IF(COUNT(R45,W45,AB45,AG45,AL45,AQ45,AV45,BA45)<8,"",ROUND(AVERAGE(R45,W45,AB45,AG45,AL45,AQ45,AV45,BA45),0)) | BN45: =IF(BM45="","",IF(BM45>=75,"Passed","Failed"))
A46: =IF($K46="","",IF('INPUT DATA'!F5="","",'INPUT DATA'!F5)) | B46: =IF($K46="","",IF('INPUT DATA'!F6="","",'INPUT DATA'!F6)) | C46: =IF($K46="","",IF('INPUT DATA'!F8="","",'INPUT DATA'!F8)) | D46: =IF($K46="","",IF('INPUT DATA'!F7="","",'INPUT DATA'!F7)) | E46: =IF($K46="","",IF('INPUT DATA'!F11="","",'INPUT DATA'!F11)) | F46: =IF($K46="","",IF('INPUT DATA'!F13="","",'INPUT DATA'!F13)) | G46: =IF($K46="","",IF('INPUT DATA'!F21="","",'INPUT DATA'!F21)) | H46: =IF($K46="","",IF('INPUT DATA'!F22="","",'INPUT DATA'!F22)) | I46: =IF($K46="","",IF('INPUT DATA'!F23="","",'INPUT DATA'!F23)) | J46: =IF($K46="","",IF('INPUT DATA'!F14="","",'INPUT DATA'!F14)) | K46: =IF('INPUT DATA'!L50="","",'INPUT DATA'!L50) | L46: =IF('INPUT DATA'!M50="","",'INPUT DATA'!M50) | M46: =IF('TERM 1'!H52="","",'TERM 1'!H52) | N46: =IF(K46="","","M") | O46: =IF('TERM 1'!J52="","",'TERM 1'!J52) | P46: =IF('TERM 2'!J52="","",'TERM 2'!J52) | Q46: =IF('TERM 3'!J52="","",'TERM 3'!J52) | R46: =IF(COUNT(O46:Q46)<3,"",ROUND(AVERAGE(O46:Q46),0)) | S46: =IF(R46="","",IF(R46>=75,"Passed","Failed")) | T46: =IF('TERM 1'!K52="","",'TERM 1'!K52) | U46: =IF('TERM 2'!K52="","",'TERM 2'!K52) | V46: =IF('TERM 3'!K52="","",'TERM 3'!K52) | W46: =IF(COUNT(T46:V46)<3,"",ROUND(AVERAGE(T46:V46),0)) | X46: =IF(W46="","",IF(W46>=75,"Passed","Failed")) | Y46: =IF('TERM 1'!L52="","",'TERM 1'!L52) | Z46: =IF('TERM 2'!L52="","",'TERM 2'!L52) | AA46: =IF('TERM 3'!L52="","",'TERM 3'!L52) | AB46: =IF(COUNT(Y46:AA46)<3,"",ROUND(AVERAGE(Y46:AA46),0)) | AC46: =IF(AB46="","",IF(AB46>=75,"Passed","Failed")) | AD46: =IF('TERM 1'!M52="","",'TERM 1'!M52) | AE46: =IF('TERM 2'!M52="","",'TERM 2'!M52) | AF46: =IF('TERM 3'!M52="","",'TERM 3'!M52) | AG46: =IF(COUNT(AD46:AF46)<3,"",ROUND(AVERAGE(AD46:AF46),0)) | AH46: =IF(AG46="","",IF(AG46>=75,"Passed","Failed")) | AI46: =IF('TERM 1'!N52="","",'TERM 1'!N52) | AJ46: =IF('TERM 2'!N52="","",'TERM 2'!N52) | AK46: =IF('TERM 3'!N52="","",'TERM 3'!N52) | AL46: =IF(COUNT(AI46:AK46)<3,"",ROUND(AVERAGE(AI46:AK46),0)) | AM46: =IF(AL46="","",IF(AL46>=75,"Passed","Failed")) | AN46: =IF('TERM 1'!O52="","",'TERM 1'!O52) | AO46: =IF('TERM 2'!O52="","",'TERM 2'!O52) | AP46: =IF('TERM 3'!O52="","",'TERM 3'!O52) | AQ46: =IF(COUNT(AN46:AP46)<3,"",ROUND(AVERAGE(AN46:AP46),0)) | AR46: =IF(AQ46="","",IF(AQ46>=75,"Passed","Failed")) | AS46: =IF('TERM 1'!P52="","",'TERM 1'!P52) | AT46: =IF('TERM 2'!P52="","",'TERM 2'!P52) | AU46: =IF('TERM 3'!P52="","",'TERM 3'!P52) | AV46: =IF(COUNT(AS46:AU46)<3,"",ROUND(AVERAGE(AS46:AU46),0)) | AW46: =IF(AV46="","",IF(AV46>=75,"Passed","Failed")) | AX46: =IF('TERM 1'!S52="","",'TERM 1'!S52) | AY46: =IF('TERM 2'!S52="","",'TERM 2'!S52) | AZ46: =IF('TERM 3'!S52="","",'TERM 3'!S52) | BA46: =IF(COUNT(AX46:AZ46)<3,"",ROUND(AVERAGE(AX46:AZ46),0)) | BB46: =IF(BA46="","",IF(BA46>=75,"Passed","Failed")) | BC46: =IF('TERM 1'!Q52="","",'TERM 1'!Q52) | BD46: =IF('TERM 2'!Q52="","",'TERM 2'!Q52) | BE46: =IF('TERM 3'!Q52="","",'TERM 3'!Q52) | BF46: =IF(COUNT(BC46:BE46)<3,"",ROUND(AVERAGE(BC46:BE46),0)) | BG46: =IF(BF46="","",IF(BF46>=75,"Passed","Failed")) | BH46: =IF('TERM 1'!R52="","",'TERM 1'!R52) | BI46: =IF('TERM 2'!R52="","",'TERM 2'!R52) | BJ46: =IF('TERM 3'!R52="","",'TERM 3'!R52) | BK46: =IF(COUNT(BH46:BJ46)<3,"",ROUND(AVERAGE(BH46:BJ46),0)) | BL46: =IF(BK46="","",IF(BK46>=75,"Passed","Failed")) | BM46: =IF(COUNT(R46,W46,AB46,AG46,AL46,AQ46,AV46,BA46)<8,"",ROUND(AVERAGE(R46,W46,AB46,AG46,AL46,AQ46,AV46,BA46),0)) | BN46: =IF(BM46="","",IF(BM46>=75,"Passed","Failed"))
A47: =IF($K47="","",IF('INPUT DATA'!F5="","",'INPUT DATA'!F5)) | B47: =IF($K47="","",IF('INPUT DATA'!F6="","",'INPUT DATA'!F6)) | C47: =IF($K47="","",IF('INPUT DATA'!F8="","",'INPUT DATA'!F8)) | D47: =IF($K47="","",IF('INPUT DATA'!F7="","",'INPUT DATA'!F7)) | E47: =IF($K47="","",IF('INPUT DATA'!F11="","",'INPUT DATA'!F11)) | F47: =IF($K47="","",IF('INPUT DATA'!F13="","",'INPUT DATA'!F13)) | G47: =IF($K47="","",IF('INPUT DATA'!F21="","",'INPUT DATA'!F21)) | H47: =IF($K47="","",IF('INPUT DATA'!F22="","",'INPUT DATA'!F22)) | I47: =IF($K47="","",IF('INPUT DATA'!F23="","",'INPUT DATA'!F23)) | J47: =IF($K47="","",IF('INPUT DATA'!F14="","",'INPUT DATA'!F14)) | K47: =IF('INPUT DATA'!L51="","",'INPUT DATA'!L51) | L47: =IF('INPUT DATA'!M51="","",'INPUT DATA'!M51) | M47: =IF('TERM 1'!H53="","",'TERM 1'!H53) | N47: =IF(K47="","","M") | O47: =IF('TERM 1'!J53="","",'TERM 1'!J53) | P47: =IF('TERM 2'!J53="","",'TERM 2'!J53) | Q47: =IF('TERM 3'!J53="","",'TERM 3'!J53) | R47: =IF(COUNT(O47:Q47)<3,"",ROUND(AVERAGE(O47:Q47),0)) | S47: =IF(R47="","",IF(R47>=75,"Passed","Failed")) | T47: =IF('TERM 1'!K53="","",'TERM 1'!K53) | U47: =IF('TERM 2'!K53="","",'TERM 2'!K53) | V47: =IF('TERM 3'!K53="","",'TERM 3'!K53) | W47: =IF(COUNT(T47:V47)<3,"",ROUND(AVERAGE(T47:V47),0)) | X47: =IF(W47="","",IF(W47>=75,"Passed","Failed")) | Y47: =IF('TERM 1'!L53="","",'TERM 1'!L53) | Z47: =IF('TERM 2'!L53="","",'TERM 2'!L53) | AA47: =IF('TERM 3'!L53="","",'TERM 3'!L53) | AB47: =IF(COUNT(Y47:AA47)<3,"",ROUND(AVERAGE(Y47:AA47),0)) | AC47: =IF(AB47="","",IF(AB47>=75,"Passed","Failed")) | AD47: =IF('TERM 1'!M53="","",'TERM 1'!M53) | AE47: =IF('TERM 2'!M53="","",'TERM 2'!M53) | AF47: =IF('TERM 3'!M53="","",'TERM 3'!M53) | AG47: =IF(COUNT(AD47:AF47)<3,"",ROUND(AVERAGE(AD47:AF47),0)) | AH47: =IF(AG47="","",IF(AG47>=75,"Passed","Failed")) | AI47: =IF('TERM 1'!N53="","",'TERM 1'!N53) | AJ47: =IF('TERM 2'!N53="","",'TERM 2'!N53) | AK47: =IF('TERM 3'!N53="","",'TERM 3'!N53) | AL47: =IF(COUNT(AI47:AK47)<3,"",ROUND(AVERAGE(AI47:AK47),0)) | AM47: =IF(AL47="","",IF(AL47>=75,"Passed","Failed")) | AN47: =IF('TERM 1'!O53="","",'TERM 1'!O53) | AO47: =IF('TERM 2'!O53="","",'TERM 2'!O53) | AP47: =IF('TERM 3'!O53="","",'TERM 3'!O53) | AQ47: =IF(COUNT(AN47:AP47)<3,"",ROUND(AVERAGE(AN47:AP47),0)) | AR47: =IF(AQ47="","",IF(AQ47>=75,"Passed","Failed")) | AS47: =IF('TERM 1'!P53="","",'TERM 1'!P53) | AT47: =IF('TERM 2'!P53="","",'TERM 2'!P53) | AU47: =IF('TERM 3'!P53="","",'TERM 3'!P53) | AV47: =IF(COUNT(AS47:AU47)<3,"",ROUND(AVERAGE(AS47:AU47),0)) | AW47: =IF(AV47="","",IF(AV47>=75,"Passed","Failed")) | AX47: =IF('TERM 1'!S53="","",'TERM 1'!S53) | AY47: =IF('TERM 2'!S53="","",'TERM 2'!S53) | AZ47: =IF('TERM 3'!S53="","",'TERM 3'!S53) | BA47: =IF(COUNT(AX47:AZ47)<3,"",ROUND(AVERAGE(AX47:AZ47),0)) | BB47: =IF(BA47="","",IF(BA47>=75,"Passed","Failed")) | BC47: =IF('TERM 1'!Q53="","",'TERM 1'!Q53) | BD47: =IF('TERM 2'!Q53="","",'TERM 2'!Q53) | BE47: =IF('TERM 3'!Q53="","",'TERM 3'!Q53) | BF47: =IF(COUNT(BC47:BE47)<3,"",ROUND(AVERAGE(BC47:BE47),0)) | BG47: =IF(BF47="","",IF(BF47>=75,"Passed","Failed")) | BH47: =IF('TERM 1'!R53="","",'TERM 1'!R53) | BI47: =IF('TERM 2'!R53="","",'TERM 2'!R53) | BJ47: =IF('TERM 3'!R53="","",'TERM 3'!R53) | BK47: =IF(COUNT(BH47:BJ47)<3,"",ROUND(AVERAGE(BH47:BJ47),0)) | BL47: =IF(BK47="","",IF(BK47>=75,"Passed","Failed")) | BM47: =IF(COUNT(R47,W47,AB47,AG47,AL47,AQ47,AV47,BA47)<8,"",ROUND(AVERAGE(R47,W47,AB47,AG47,AL47,AQ47,AV47,BA47),0)) | BN47: =IF(BM47="","",IF(BM47>=75,"Passed","Failed"))
